{"stats":{"minecraft:picked_up":{"minecraft:raw_iron":1,"minecraft:stone_sword":1,"minecraft:wheat_seeds":3,"easy_emerald:obsidian_sword":1,"minecraft:gravel":15,"minecraft:stone_pickaxe":3,"minecraft:gunpowder":3,"minecraft:mutton":2,"iceandfire:raw_silver":1,"minecraft:dirt":186,"minecraft:white_wool":1,"minecraft:cobblestone":64},"minecraft:dropped":{"minecraft:stone_pickaxe":1},"minecraft:killed":{"minecraft:sheep":1,"minecraft:creeper":1},"minecraft:used":{"minecraft:stone_pickaxe":6,"easy_emerald:obsidian_sword":5},"minecraft:mined":{"minecraft:grass":4,"minecraft:iron_ore":1},"minecraft:custom":{"minecraft:time_since_rest":8860,"minecraft:crouch_one_cm":311,"minecraft:play_time":8860,"minecraft:sprint_one_cm":40193,"minecraft:damage_taken":10,"minecraft:walk_one_cm":47509,"minecraft:sneak_time":63,"minecraft:walk_under_water_one_cm":281,"minecraft:mob_kills":2,"minecraft:drop":1,"minecraft:jump":130,"minecraft:damage_dealt":220,"minecraft:time_since_death":8860,"minecraft:total_world_time":8860,"minecraft:swim_one_cm":591,"minecraft:fall_one_cm":1612,"minecraft:fly_one_cm":16576}},"DataVersion":3465}