{"stats":{"minecraft:killed_by":{"minecraft:creeper":1,"minecraft:spider":1,"minecraft:zombie":1},"minecraft:picked_up":{"minecraft:iron_chestplate":1,"minecraft:leather_chestplate":1,"minecraft:oak_stairs":2,"easy_emerald:obsidian_sword":3,"minecraft:stone_brick_stairs":1,"minecraft:oak_log":30,"gravestone:obituary":1,"minecraft:shield":1,"minecraft:gunpowder":6,"minecraft:dirt":323,"minecraft:iron_leggings":1,"minecraft:bone":1,"minecraft:apple":2,"minecraft:stone_bricks":14,"minecraft:cracked_stone_bricks":12,"minecraft:wheat_seeds":3,"minecraft:stone_pickaxe":3,"minecraft:mossy_stone_bricks":1,"minecraft:glass_bottle":1,"minecraft:melon_slice":6,"minecraft:iron_sword":1,"minecraft:oak_planks":5,"minecraft:raw_iron":1,"minecraft:cooked_porkchop":2,"minecraft:oak_door":1,"minecraft:oak_fence":1,"minecraft:torch":59,"minecraft:gravel":24,"minecraft:carrot":12,"minecraft:stone_sword":1,"minecraft:arrow":2,"minecraft:stone_shovel":1,"minecraft:rotten_flesh":5,"vanillaplustools:stone_hammer":1,"minecraft:mutton":2,"minecraft:iron_bars":2,"minecraft:white_wool":1,"iceandfire:raw_silver":1,"minecraft:cobblestone":298},"minecraft:dropped":{"minecraft:oak_fence":1,"minecraft:apple":4,"minecraft:carrot":3,"easy_emerald:obsidian_sword":2,"gravestone:obituary":3,"minecraft:stone_pickaxe":1},"minecraft:killed":{"minecraft:cave_spider":1,"graveyard:ghoul":1,"minecraft:spider":4,"minecraft:creeper":1,"minecraft:sheep":1,"minecraft:skeleton":1,"minecraft:zombie":10},"minecraft:mined":{"minecraft:cobblestone_stairs":1,"minecraft:brown_carpet":1,"minecraft:torch":7,"gravestone:gravestone":3,"minecraft:potted_jungle_sapling":1,"minecraft:grass_block":92,"minecraft:cobblestone":33,"minecraft:oak_planks":2,"minecraft:wall_torch":5,"minecraft:spawner":5,"minecraft:iron_ore":1,"minecraft:andesite":1,"minecraft:stone_brick_stairs":1,"minecraft:grass":4,"minecraft:oak_log":2,"minecraft:gravel":8,"minecraft:dirt":45,"minecraft:cobweb":6,"minecraft:cracked_stone_bricks":1,"minecraft:stone":230,"minecraft:stone_bricks":2},"minecraft:custom":{"minecraft:mob_kills":19,"minecraft:open_barrel":1,"minecraft:interact_with_stonecutter":1,"minecraft:leave_game":1,"minecraft:time_since_death":19310,"minecraft:sleep_in_bed":1,"minecraft:time_since_rest":20530,"minecraft:sprint_one_cm":158830,"minecraft:damage_taken":1941,"minecraft:walk_one_cm":390079,"minecraft:drop":14,"minecraft:damage_dealt":3253,"minecraft:swim_one_cm":896,"minecraft:fly_one_cm":33715,"minecraft:player_kills":1,"minecraft:open_chest":19,"minecraft:crouch_one_cm":8426,"minecraft:play_time":82740,"minecraft:deaths":3,"minecraft:sneak_time":1921,"minecraft:walk_under_water_one_cm":570,"minecraft:jump":346,"minecraft:walk_on_water_one_cm":990,"minecraft:total_world_time":82740,"minecraft:fall_one_cm":4829},"minecraft:used":{"minecraft:stone_sword":1,"minecraft:stone_shovel":78,"minecraft:stone_pickaxe":105,"vanillaplustools:stone_hammer":40,"minecraft:cracked_stone_bricks":1,"minecraft:oak_door":1,"minecraft:torch":21,"minecraft:glow_berries":3,"minecraft:mutton":2,"minecraft:carrot":17,"easy_emerald:obsidian_sword":80,"minecraft:oak_log":30,"minecraft:apple":7,"minecraft:melon_slice":6,"minecraft:gravel":21,"minecraft:cobblestone":248,"minecraft:cooked_porkchop":2}},"DataVersion":3465}