{"stats":{"minecraft:picked_up":{"minecraft:iron_chestplate":1,"minecraft:raw_iron":1,"minecraft:leather_chestplate":1,"minecraft:cooked_porkchop":2,"minecraft:oak_fence":1,"minecraft:torch":31,"easy_emerald:obsidian_sword":1,"minecraft:gravel":18,"minecraft:stone_brick_stairs":1,"minecraft:carrot":12,"minecraft:gunpowder":5,"minecraft:dirt":231,"minecraft:iron_leggings":1,"minecraft:arrow":2,"minecraft:stone_sword":1,"minecraft:bone":1,"minecraft:stone_bricks":4,"minecraft:rotten_flesh":5,"minecraft:apple":2,"minecraft:cracked_stone_bricks":6,"minecraft:wheat_seeds":3,"minecraft:stone_pickaxe":3,"vanillaplustools:stone_hammer":1,"minecraft:mossy_stone_bricks":1,"minecraft:glass_bottle":1,"minecraft:melon_slice":6,"minecraft:oak_planks":1,"minecraft:mutton":2,"minecraft:iron_sword":1,"iceandfire:raw_silver":1,"minecraft:white_wool":1,"minecraft:cobblestone":279},"minecraft:dropped":{"minecraft:stone_pickaxe":1,"minecraft:carrot":3},"minecraft:killed":{"minecraft:skeleton":1,"minecraft:sheep":1,"minecraft:zombie":3,"graveyard:ghoul":1,"minecraft:creeper":1},"minecraft:mined":{"minecraft:iron_ore":1,"minecraft:cobblestone_stairs":1,"minecraft:andesite":1,"minecraft:stone_brick_stairs":1,"minecraft:grass":4,"minecraft:grass_block":7,"minecraft:gravel":3,"minecraft:dirt":38,"minecraft:cobblestone":26,"minecraft:stone":221,"minecraft:spawner":1},"minecraft:used":{"minecraft:apple":2,"minecraft:melon_slice":4,"minecraft:stone_pickaxe":70,"vanillaplustools:stone_hammer":40,"minecraft:gravel":7,"minecraft:torch":2,"minecraft:cobblestone":22,"minecraft:mutton":2,"minecraft:cooked_porkchop":2,"minecraft:carrot":12,"easy_emerald:obsidian_sword":30},"minecraft:custom":{"minecraft:time_since_rest":13271,"minecraft:sprint_one_cm":72545,"minecraft:damage_taken":625,"minecraft:walk_one_cm":147625,"minecraft:mob_kills":7,"minecraft:drop":4,"minecraft:damage_dealt":1435,"minecraft:swim_one_cm":591,"minecraft:player_kills":1,"minecraft:fly_one_cm":22790,"minecraft:open_chest":3,"minecraft:crouch_one_cm":6710,"minecraft:play_time":34740,"minecraft:sneak_time":1537,"minecraft:walk_under_water_one_cm":281,"minecraft:jump":194,"minecraft:leave_game":1,"minecraft:time_since_death":34740,"minecraft:sleep_in_bed":1,"minecraft:total_world_time":34740,"minecraft:fall_one_cm":2485}},"DataVersion":3465}