{"stats":{"minecraft:killed_by":{"minecraft:creeper":1,"minecraft:zombie":1},"minecraft:picked_up":{"minecraft:iron_chestplate":1,"minecraft:leather_chestplate":1,"minecraft:oak_stairs":2,"easy_emerald:obsidian_sword":2,"minecraft:stone_brick_stairs":1,"minecraft:oak_log":28,"gravestone:obituary":1,"minecraft:shield":1,"minecraft:gunpowder":6,"minecraft:dirt":231,"minecraft:iron_leggings":1,"minecraft:bone":1,"minecraft:apple":2,"minecraft:stone_bricks":14,"minecraft:cracked_stone_bricks":12,"minecraft:wheat_seeds":3,"minecraft:stone_pickaxe":3,"minecraft:mossy_stone_bricks":1,"minecraft:glass_bottle":1,"minecraft:melon_slice":6,"minecraft:iron_sword":1,"minecraft:oak_planks":3,"minecraft:raw_iron":1,"minecraft:cooked_porkchop":2,"minecraft:oak_fence":1,"minecraft:torch":52,"minecraft:gravel":23,"minecraft:carrot":12,"minecraft:stone_sword":1,"minecraft:arrow":2,"minecraft:rotten_flesh":5,"vanillaplustools:stone_hammer":1,"minecraft:mutton":2,"minecraft:iron_bars":2,"minecraft:white_wool":1,"iceandfire:raw_silver":1,"minecraft:cobblestone":292},"minecraft:dropped":{"minecraft:oak_fence":1,"minecraft:carrot":3,"easy_emerald:obsidian_sword":1,"gravestone:obituary":2,"minecraft:stone_pickaxe":1},"minecraft:killed":{"graveyard:ghoul":1,"minecraft:spider":2,"minecraft:creeper":1,"minecraft:sheep":1,"minecraft:skeleton":1,"minecraft:zombie":10},"minecraft:mined":{"minecraft:cobblestone_stairs":1,"minecraft:brown_carpet":1,"minecraft:torch":3,"gravestone:gravestone":2,"minecraft:grass_block":7,"minecraft:cobblestone":27,"minecraft:wall_torch":3,"minecraft:spawner":5,"minecraft:iron_ore":1,"minecraft:andesite":1,"minecraft:stone_brick_stairs":1,"minecraft:grass":4,"minecraft:gravel":7,"minecraft:dirt":38,"minecraft:cobweb":6,"minecraft:cracked_stone_bricks":1,"minecraft:stone":230,"minecraft:stone_bricks":2},"minecraft:used":{"minecraft:stone_pickaxe":95,"vanillaplustools:stone_hammer":40,"minecraft:torch":10,"minecraft:mutton":2,"minecraft:carrot":17,"easy_emerald:obsidian_sword":72,"minecraft:oak_log":10,"minecraft:apple":2,"minecraft:melon_slice":6,"minecraft:gravel":20,"minecraft:cobblestone":53,"minecraft:cooked_porkchop":2},"minecraft:custom":{"minecraft:mob_kills":16,"minecraft:leave_game":1,"minecraft:time_since_death":14353,"minecraft:sleep_in_bed":1,"minecraft:time_since_rest":14437,"minecraft:sprint_one_cm":117862,"minecraft:damage_taken":1478,"minecraft:walk_one_cm":268384,"minecraft:drop":8,"minecraft:damage_dealt":2860,"minecraft:swim_one_cm":591,"minecraft:fly_one_cm":26997,"minecraft:player_kills":1,"minecraft:open_chest":15,"minecraft:crouch_one_cm":7467,"minecraft:play_time":58740,"minecraft:deaths":2,"minecraft:sneak_time":1696,"minecraft:walk_under_water_one_cm":281,"minecraft:jump":285,"minecraft:walk_on_water_one_cm":861,"minecraft:total_world_time":58740,"minecraft:fall_one_cm":3507}},"DataVersion":3465}