{"stats":{"minecraft:killed_by":{"minecraft:creeper":1,"minecraft:spider":1,"minecraft:zombie":1},"minecraft:picked_up":{"minecraft:iron_chestplate":1,"minecraft:leather_chestplate":1,"minecraft:oak_stairs":2,"easy_emerald:obsidian_sword":2,"minecraft:stone_brick_stairs":1,"minecraft:oak_log":30,"gravestone:obituary":1,"minecraft:shield":1,"minecraft:gunpowder":6,"minecraft:dirt":231,"minecraft:iron_leggings":1,"minecraft:bone":1,"minecraft:apple":2,"minecraft:stone_bricks":14,"minecraft:cracked_stone_bricks":12,"minecraft:wheat_seeds":3,"minecraft:stone_pickaxe":3,"minecraft:mossy_stone_bricks":1,"minecraft:glass_bottle":1,"minecraft:melon_slice":6,"minecraft:iron_sword":1,"minecraft:oak_planks":5,"minecraft:raw_iron":1,"minecraft:cooked_porkchop":2,"minecraft:oak_fence":1,"minecraft:torch":53,"minecraft:gravel":23,"minecraft:carrot":12,"minecraft:stone_sword":1,"minecraft:arrow":2,"minecraft:rotten_flesh":5,"vanillaplustools:stone_hammer":1,"minecraft:mutton":2,"minecraft:iron_bars":2,"minecraft:white_wool":1,"iceandfire:raw_silver":1,"minecraft:cobblestone":292},"minecraft:dropped":{"minecraft:oak_fence":1,"minecraft:carrot":3,"easy_emerald:obsidian_sword":1,"gravestone:obituary":3,"minecraft:stone_pickaxe":1},"minecraft:killed":{"minecraft:cave_spider":1,"graveyard:ghoul":1,"minecraft:spider":4,"minecraft:creeper":1,"minecraft:sheep":1,"minecraft:skeleton":1,"minecraft:zombie":10},"minecraft:mined":{"minecraft:cobblestone_stairs":1,"minecraft:brown_carpet":1,"minecraft:torch":3,"gravestone:gravestone":3,"minecraft:potted_jungle_sapling":1,"minecraft:grass_block":7,"minecraft:cobblestone":27,"minecraft:oak_planks":2,"minecraft:wall_torch":3,"minecraft:spawner":5,"minecraft:iron_ore":1,"minecraft:andesite":1,"minecraft:stone_brick_stairs":1,"minecraft:grass":4,"minecraft:oak_log":2,"minecraft:gravel":7,"minecraft:dirt":38,"minecraft:cobweb":6,"minecraft:cracked_stone_bricks":1,"minecraft:stone":230,"minecraft:stone_bricks":2},"minecraft:used":{"minecraft:stone_pickaxe":99,"vanillaplustools:stone_hammer":40,"minecraft:cracked_stone_bricks":1,"minecraft:torch":15,"minecraft:mutton":2,"minecraft:carrot":17,"easy_emerald:obsidian_sword":80,"minecraft:oak_log":30,"minecraft:apple":2,"minecraft:melon_slice":6,"minecraft:gravel":20,"minecraft:cobblestone":67,"minecraft:cooked_porkchop":2},"minecraft:custom":{"minecraft:mob_kills":19,"minecraft:leave_game":1,"minecraft:time_since_death":7310,"minecraft:sleep_in_bed":1,"minecraft:time_since_rest":8530,"minecraft:sprint_one_cm":147724,"minecraft:damage_taken":1852,"minecraft:walk_one_cm":317380,"minecraft:drop":9,"minecraft:damage_dealt":3253,"minecraft:swim_one_cm":896,"minecraft:fly_one_cm":29767,"minecraft:player_kills":1,"minecraft:open_chest":19,"minecraft:crouch_one_cm":8314,"minecraft:play_time":70740,"minecraft:deaths":3,"minecraft:sneak_time":1828,"minecraft:walk_under_water_one_cm":570,"minecraft:jump":312,"minecraft:walk_on_water_one_cm":990,"minecraft:total_world_time":70740,"minecraft:fall_one_cm":3507}},"DataVersion":3465}