{"stats":{"minecraft:picked_up":{"minecraft:crafting_table":5,"thalassophobia:tooth":2,"minecraft:string":12,"minecraft:iron_axe":1,"minecraft:cobbled_deepslate":137,"easy_emerald:amethyst_juju":1,"minecraft:melon_slice":44,"minecraft:sugar_cane":8,"minecraft:furnace":1,"thalassophobia:raw_fish_meat":3,"minecraft:raw_iron":50,"minecraft:torch":4,"minecraft:porkchop":6,"minecraft:redstone":244,"minecraft:arrow":9,"minecraft:rotten_flesh":23,"thalassophobia:raw_crab":1,"minecraft:mutton":8,"minecraft:obsidian":117,"minecraft:white_wool":5,"minecraft:cobblestone":49,"minecraft:stripped_oak_log":1,"minecraft:golden_carrot":5,"minecraft:jungle_log":9,"minecraft:tuff":22,"minecraft:oak_log":3,"minecraft:dirt":9,"minecraft:lapis_lazuli":103,"minecraft:bone":10,"minecraft:stone_bricks":1,"minecraft:bow":4,"minecraft:wheat_seeds":12,"minecraft:raw_gold":49,"minecraft:mossy_stone_bricks":1,"minecraft:mossy_stone_brick_stairs":3,"minecraft:black_candle":4,"minecraft:sweet_berries":10,"unusualfishmod:raw_hatchetfish":1,"minecraft:blast_furnace":2,"minecraft:white_bed":2,"minecraft:diamond":23,"minecraft:bone_meal":2,"minecraft:emerald":5,"minecraft:bread":6,"minecraft:coal":34},"minecraft:crafted":{"minecraft:oak_planks":16,"minecraft:stone_shovel":6,"minecraft:furnace":1,"thalassophobia:cooked_fish_meat":1,"easy_emerald:obsidian_leggings":2,"minecraft:cooked_mutton":8,"thalassophobia:cooked_crab":1,"minecraft:iron_boots":1,"minecraft:stone_pickaxe":1,"vanillaplustools:stone_shovel":1,"easy_emerald:obsidian_body":2,"easy_emerald:obsidian_head":2,"minecraft:cooked_porkchop":6,"minecraft:crafting_table":2,"minecraft:wooden_pickaxe":1,"minecraft:iron_helmet":1,"easy_emerald:obsidian_boots":2,"minecraft:bucket":2,"minecraft:stone_axe":1,"minecraft:air":0,"minecraft:jungle_planks":36,"minecraft:iron_chestplate":1,"minecraft:shield":1,"minecraft:stick":32,"minecraft:iron_ingot":36,"minecraft:iron_pickaxe":1,"minecraft:wooden_axe":1,"minecraft:iron_leggings":1,"minecraft:torch":16},"minecraft:mined":{"minecraft:diamond_ore":1,"minecraft:tuff":13,"minecraft:white_bed":3,"minecraft:deepslate_diamond_ore":22,"minecraft:obsidian":69,"gravestone:gravestone":7,"minecraft:grass_block":7,"minecraft:jungle_log":9,"minecraft:large_fern":1,"minecraft:redstone_ore":4,"minecraft:furnace":1,"minecraft:iron_ore":20,"minecraft:cobbled_deepslate":8,"minecraft:deepslate_lapis_ore":18,"minecraft:mossy_stone_brick_stairs":1,"minecraft:deepslate_iron_ore":31,"minecraft:black_candle":1,"minecraft:stripped_oak_log":1,"minecraft:stone":32,"minecraft:deepslate_redstone_ore":44,"minecraft:crafting_table":5,"minecraft:blast_furnace":2,"minecraft:emerald_ore":5,"minecraft:melon":7,"graveyard:tg_grass_block":1,"minecraft:tall_grass":6,"minecraft:cobblestone":18,"minecraft:deepslate_gold_ore":44,"minecraft:sugar_cane":3,"minecraft:grass":77,"minecraft:oak_log":3,"minecraft:coal_ore":33,"minecraft:dirt":1,"minecraft:cobweb":8,"minecraft:stone_bricks":1,"minecraft:mossy_stone_bricks":1,"minecraft:gold_ore":5,"minecraft:deepslate":135,"minecraft:fern":3},"minecraft:used":{"minecraft:shield":47,"minecraft:iron_sword":184,"minecraft:dirt":9,"minecraft:tuff":4,"minecraft:wooden_axe":11,"minecraft:lava_bucket":2,"thalassophobia:cooked_crab":1,"minecraft:rabbit_stew":1,"minecraft:bow":2,"thalassophobia:cooked_fish_meat":1,"minecraft:furnace":2,"minecraft:cobbled_deepslate":58,"minecraft:cooked_mutton":8,"minecraft:water_bucket":58,"minecraft:stone_pickaxe":131,"minecraft:wooden_pickaxe":17,"minecraft:sugar_cane":5,"minecraft:crafting_table":6,"minecraft:blast_furnace":2,"minecraft:white_bed":4,"minecraft:diamond_pickaxe":145,"minecraft:melon_slice":44,"minecraft:bread":7,"minecraft:suspicious_stew":2,"minecraft:iron_pickaxe":221,"minecraft:stone_axe":4,"minecraft:cobblestone":29,"minecraft:cooked_porkchop":6,"minecraft:bucket":61},"minecraft:custom":{"minecraft:mob_kills":49,"minecraft:interact_with_crafting_table":29,"minecraft:open_barrel":1,"minecraft:leave_game":7,"minecraft:time_since_death":48802,"minecraft:climb_one_cm":1170,"minecraft:sprint_one_cm":195172,"minecraft:walk_one_cm":342661,"minecraft:damage_blocked_by_shield":2400,"minecraft:drop":48,"minecraft:talked_to_villager":1,"minecraft:play_time":122497,"minecraft:deaths":8,"minecraft:sneak_time":15560,"minecraft:walk_under_water_one_cm":6405,"minecraft:jump":1612,"minecraft:interact_with_blast_furnace":21,"minecraft:walk_on_water_one_cm":24478,"minecraft:total_world_time":122497,"minecraft:interact_with_furnace":17,"spartanshields:shield_bash_hits":2,"minecraft:sleep_in_bed":3,"minecraft:time_since_rest":49921,"minecraft:damage_taken":4626,"minecraft:damage_dealt":7948,"minecraft:swim_one_cm":2415,"minecraft:fly_one_cm":226162,"minecraft:open_chest":33,"minecraft:crouch_one_cm":25231,"minecraft:fall_one_cm":51543},"minecraft:broken":{"minecraft:leather_helmet":1,"minecraft:stone_pickaxe":1},"minecraft:killed":{"minecraft:cave_spider":2,"minecraft:spider":2,"thalassophobia:megapiranha":1,"minecraft:skeleton":8,"minecraft:husk":2,"minecraft:pig":3,"minecraft:zombie_villager":1,"minecraft:sheep":5,"minecraft:zombie":20,"unusualfishmod:hatchet_fish":4},"minecraft:killed_by":{"minecraft:husk":3,"thalassophobia:megapiranha":1,"minecraft:skeleton":1,"minecraft:zombie":3},"minecraft:dropped":{"minecraft:wheat_seeds":12,"minecraft:lapis_lazuli":39,"minecraft:cobblestone":5,"minecraft:mossy_stone_brick_stairs":3,"minecraft:emerald":5,"minecraft:torch":4,"minecraft:wooden_axe":1,"gravestone:obituary":7,"minecraft:bone_meal":2,"minecraft:white_wool":1,"minecraft:redstone":26,"minecraft:gravel":1,"unusualfishmod:raw_hatchetfish":1,"minecraft:bowl":1,"minecraft:tuff":18,"minecraft:obsidian":52,"minecraft:rotten_flesh":24,"minecraft:white_bed":1,"minecraft:leather_chestplate":1,"thalassophobia:tooth":2,"minecraft:bow":3,"minecraft:wooden_pickaxe":1}},"DataVersion":3465}