{"stats":{"minecraft:killed":{"minecraft:cave_spider":2,"minecraft:spider":5,"thalassophobia:megapiranha":8,"minecraft:skeleton":14,"minecraft:husk":2,"minecraft:pig":4,"minecraft:zombie_villager":1,"minecraft:creeper":7,"minecraft:sheep":5,"minecraft:pillager":2,"minecraft:zombie":38,"unusualfishmod:hatchet_fish":4,"minecraft:cow":1},"minecraft:mined":{"minecraft:diamond_ore":1,"minecraft:tuff":13,"minecraft:white_bed":11,"minecraft:oak_sapling":1,"iceandfire:silver_ore":6,"minecraft:deepslate_diamond_ore":22,"minecraft:obsidian":69,"minecraft:granite":40,"gravestone:gravestone":7,"minecraft:grass_block":2284,"minecraft:jungle_log":9,"minecraft:oxeye_daisy":3,"minecraft:large_fern":1,"minecraft:redstone_ore":4,"minecraft:furnace":1,"minecraft:iron_ore":28,"minecraft:cobbled_deepslate":8,"minecraft:andesite":232,"minecraft:deepslate_lapis_ore":18,"minecraft:azure_bluet":1,"minecraft:mossy_stone_brick_stairs":1,"minecraft:deepslate_iron_ore":31,"minecraft:vine":1,"minecraft:black_candle":1,"minecraft:stripped_oak_log":1,"minecraft:stone":5589,"minecraft:deepslate_redstone_ore":44,"minecraft:dandelion":24,"minecraft:cornflower":2,"minecraft:torch":1,"minecraft:crafting_table":7,"minecraft:blast_furnace":3,"minecraft:emerald_ore":5,"minecraft:poppy":1,"minecraft:melon":7,"minecraft:copper_ore":20,"minecraft:tall_grass":56,"graveyard:tg_grass_block":4,"minecraft:cobblestone":71,"minecraft:deepslate_gold_ore":44,"minecraft:lapis_ore":3,"minecraft:oak_planks":5,"minecraft:sugar_cane":4,"minecraft:birch_planks":4,"minecraft:birch_log":7,"minecraft:grass":308,"minecraft:coal_ore":84,"minecraft:oak_log":94,"minecraft:gravel":195,"minecraft:dirt":3287,"minecraft:sand":162,"minecraft:cobweb":8,"minecraft:stone_bricks":1,"minecraft:gold_ore":5,"minecraft:mossy_stone_bricks":1,"minecraft:deepslate":135,"minecraft:fern":5},"minecraft:broken":{"minecraft:leather_helmet":1,"minecraft:stone_pickaxe":1,"minecraft:shield":1,"vanillaplustools:stone_hammer":7,"minecraft:iron_sword":1,"minecraft:iron_pickaxe":1,"vanillaplustools:stone_shovel":6},"minecraft:used":{"minecraft:stone_shovel":109,"minecraft:chest":1,"minecraft:shield":53,"minecraft:iron_sword":249,"vanillaplustools:stone_hammer":1042,"minecraft:dirt":6522,"minecraft:tuff":4,"minecraft:wooden_axe":11,"minecraft:lava_bucket":4,"thalassophobia:cooked_crab":1,"minecraft:birch_sapling":2,"minecraft:barrel":5,"minecraft:rabbit_stew":1,"thalassophobia:cooked_fish_meat":3,"minecraft:bow":2,"minecraft:oak_sapling":4,"minecraft:furnace":3,"minecraft:cobbled_deepslate":58,"minecraft:cooked_mutton":8,"minecraft:water_bucket":58,"minecraft:birch_planks":1,"minecraft:oak_planks":1,"minecraft:stone_pickaxe":143,"minecraft:wooden_pickaxe":17,"minecraft:sugar_cane":10,"minecraft:sand":1,"minecraft:blast_furnace":3,"minecraft:crafting_table":10,"vanillaplustools:stone_shovel":938,"minecraft:white_bed":12,"easy_emerald:obsidian_sword":109,"minecraft:smoker":1,"minecraft:diamond_pickaxe":145,"minecraft:apple":1,"minecraft:bread":58,"minecraft:melon_slice":44,"minecraft:iron_pickaxe":250,"minecraft:suspicious_stew":2,"minecraft:stone_axe":143,"minecraft:cobblestone":88,"minecraft:cooked_porkchop":8,"minecraft:bucket":63},"minecraft:picked_up":{"minecraft:coarse_dirt":5,"minecraft:crafting_table":8,"minecraft:azure_bluet":5,"easy_emerald:ruby_juju":1,"thalassophobia:tooth":8,"minecraft:cornflower":2,"minecraft:string":12,"minecraft:moss_carpet":7,"minecraft:raw_copper":66,"minecraft:iron_axe":1,"minecraft:cobbled_deepslate":137,"minecraft:beef":3,"easy_emerald:amethyst_juju":1,"minecraft:poppy":1,"minecraft:melon_slice":44,"minecraft:sugar_cane":18,"minecraft:birch_sapling":2,"minecraft:furnace":1,"thalassophobia:raw_fish_meat":19,"minecraft:stick":50,"minecraft:raw_iron":58,"minecraft:torch":9,"minecraft:bowl":2,"minecraft:porkchop":9,"minecraft:redstone":244,"minecraft:stone_sword":1,"minecraft:arrow":19,"minecraft:rotten_flesh":43,"thalassophobia:raw_crab":1,"thalassophobia:fish_scale":6,"minecraft:obsidian":117,"minecraft:mutton":8,"minecraft:white_wool":5,"minecraft:cobblestone":6451,"minecraft:oxeye_daisy":4,"minecraft:stripped_oak_log":1,"minecraft:birch_log":7,"minecraft:golden_carrot":5,"minecraft:andesite":234,"minecraft:birch_slab":4,"minecraft:jungle_log":9,"minecraft:leather":2,"minecraft:birch_planks":13,"minecraft:flint":28,"minecraft:tuff":22,"minecraft:oak_log":103,"minecraft:gunpowder":2,"minecraft:lapis_lazuli":127,"minecraft:dirt":8758,"minecraft:bone":24,"minecraft:apple":4,"minecraft:stone_bricks":1,"minecraft:bow":4,"minecraft:wheat_seeds":104,"minecraft:raw_gold":49,"minecraft:stone_pickaxe":6,"minecraft:mossy_stone_bricks":1,"minecraft:iron_sword":1,"minecraft:oak_planks":52,"minecraft:mossy_stone_brick_stairs":3,"minecraft:oak_slab":16,"minecraft:black_candle":4,"minecraft:sweet_berries":10,"minecraft:dandelion":32,"unusualfishmod:raw_hatchetfish":1,"minecraft:gravel":313,"minecraft:sand":161,"minecraft:blast_furnace":3,"minecraft:white_bed":10,"minecraft:diamond":23,"minecraft:granite":40,"minecraft:bone_meal":6,"minecraft:bread":6,"minecraft:emerald":5,"minecraft:oak_sapling":48,"minecraft:coal":85,"iceandfire:raw_silver":2},"minecraft:dropped":{"iceandfire:raw_silver":2,"minecraft:iron_sword":1,"minecraft:oak_slab":16,"minecraft:birch_planks":9,"minecraft:wheat_seeds":104,"minecraft:lapis_lazuli":39,"minecraft:oak_log":9,"minecraft:crafting_table":1,"minecraft:cobblestone":1108,"minecraft:leather":2,"minecraft:jungle_planks":1,"minecraft:granite":40,"minecraft:mossy_stone_brick_stairs":3,"minecraft:flint":9,"minecraft:stick":8,"minecraft:emerald":5,"minecraft:oxeye_daisy":3,"minecraft:dirt":1318,"minecraft:torch":4,"minecraft:cornflower":2,"minecraft:wooden_axe":1,"gravestone:obituary":7,"minecraft:bone_meal":3,"minecraft:white_wool":1,"minecraft:dandelion":20,"minecraft:redstone":26,"minecraft:gravel":310,"minecraft:moss_carpet":6,"unusualfishmod:raw_hatchetfish":1,"minecraft:coarse_dirt":9,"minecraft:stone_sword":2,"minecraft:cobbled_deepslate":31,"minecraft:raw_copper":7,"minecraft:bowl":5,"minecraft:tuff":18,"minecraft:obsidian":52,"minecraft:raw_iron":14,"minecraft:rotten_flesh":44,"minecraft:oak_planks":46,"minecraft:azure_bluet":5,"minecraft:white_bed":1,"minecraft:poppy":1,"minecraft:leather_chestplate":1,"easy_emerald:obsidian_sword":1,"minecraft:gunpowder":2,"minecraft:andesite":180,"thalassophobia:tooth":8,"minecraft:oak_sapling":38,"vanillaplustools:stone_hammer":1,"minecraft:bow":4,"minecraft:stone_pickaxe":6,"minecraft:wooden_pickaxe":2},"minecraft:custom":{"minecraft:mob_kills":94,"minecraft:interact_with_crafting_table":77,"minecraft:open_barrel":50,"minecraft:leave_game":12,"minecraft:time_since_death":321531,"minecraft:climb_one_cm":1293,"minecraft:sprint_one_cm":706617,"minecraft:walk_one_cm":1681515,"minecraft:damage_blocked_by_shield":2745,"minecraft:drop":243,"minecraft:talked_to_villager":2,"minecraft:play_time":395226,"minecraft:sneak_time":20823,"minecraft:deaths":8,"minecraft:walk_under_water_one_cm":26995,"minecraft:jump":5390,"minecraft:interact_with_blast_furnace":32,"minecraft:walk_on_water_one_cm":44722,"minecraft:total_world_time":395226,"minecraft:interact_with_furnace":21,"spartanshields:shield_bash_hits":2,"minecraft:sleep_in_bed":21,"minecraft:time_since_rest":7251,"minecraft:damage_taken":6007,"minecraft:damage_dealt":16458,"minecraft:swim_one_cm":15914,"minecraft:fly_one_cm":934206,"minecraft:open_chest":93,"minecraft:crouch_one_cm":45540,"minecraft:interact_with_smoker":9,"minecraft:fall_one_cm":73097},"minecraft:crafted":{"minecraft:oak_planks":199,"minecraft:barrel":5,"minecraft:stone_shovel":61,"vanillaplustools:stone_hammer":9,"minecraft:birch_slab":6,"minecraft:furnace":3,"minecraft:bone_meal":42,"thalassophobia:cooked_fish_meat":4,"easy_emerald:obsidian_leggings":2,"thalassophobia:cooked_crab":1,"minecraft:cooked_mutton":8,"minecraft:iron_boots":1,"minecraft:stone_pickaxe":88,"minecraft:chest":1,"vanillaplustools:stone_shovel":7,"minecraft:smoker":1,"easy_emerald:obsidian_body":2,"minecraft:oak_slab":12,"easy_emerald:obsidian_head":2,"minecraft:cooked_porkchop":9,"minecraft:crafting_table":3,"minecraft:wooden_pickaxe":1,"minecraft:iron_helmet":1,"easy_emerald:obsidian_boots":2,"minecraft:bucket":2,"minecraft:birch_planks":28,"minecraft:stone_axe":2,"minecraft:air":0,"minecraft:jungle_planks":36,"minecraft:iron_chestplate":1,"minecraft:shield":1,"easy_emerald:obsidian_sword":2,"minecraft:stick":244,"minecraft:iron_ingot":50,"minecraft:iron_pickaxe":1,"minecraft:wooden_axe":1,"minecraft:stone_sword":1,"minecraft:iron_leggings":1,"minecraft:torch":16},"minecraft:killed_by":{"minecraft:husk":3,"thalassophobia:megapiranha":1,"minecraft:skeleton":1,"minecraft:zombie":3}},"DataVersion":3465}