{"stats":{"minecraft:broken":{"easy_emerald:obsidian_head":1,"minecraft:stone_pickaxe":4,"minecraft:iron_sword":1,"minecraft:leather_helmet":1,"minecraft:shield":2,"vanillaplustools:stone_hammer":8,"minecraft:iron_pickaxe":1,"vanillaplustools:stone_shovel":6},"minecraft:killed_by":{"minecraft:creeper":1,"minecraft:zombie":4,"minecraft:husk":3,"minecraft:player":2,"minecraft:stray":4,"thalassophobia:megapiranha":1,"minecraft:skeleton":1},"minecraft:killed":{"minecraft:cave_spider":4,"minecraft:spider":12,"minecraft:skeleton":23,"faded_conquest_2:demon":3,"minecraft:piglin":4,"minecraft:pig":4,"minecraft:zombie_villager":1,"minecraft:creeper":11,"minecraft:sheep":5,"minecraft:pillager":2,"minecraft:zombie":58,"minecraft:stray":6,"unusualfishmod:hatchet_fish":4,"minecraft:cow":1,"thalassophobia:megapiranha":8,"minecraft:husk":2,"graveyard:ghoul":2,"sons_of_sins:betrayed_guzzler":1},"minecraft:crafted":{"minecraft:oak_planks":199,"minecraft:barrel":8,"minecraft:cooked_chicken":1,"minecraft:birch_slab":6,"minecraft:stone":11,"thalassophobia:cooked_fish_meat":4,"minecraft:cooked_mutton":8,"minecraft:glass":27,"minecraft:quartz_block":66,"minecraft:iron_boots":1,"minecraft:chest":1,"vanillaplustools:stone_shovel":7,"minecraft:stone_hoe":1,"minecraft:smoker":1,"easy_emerald:obsidian_body":2,"minecraft:oak_slab":18,"minecraft:cooked_porkchop":12,"minecraft:crafting_table":3,"easy_emerald:obsidian_boots":2,"minecraft:iron_helmet":2,"minecraft:wooden_pickaxe":1,"minecraft:baked_potato":60,"minecraft:smithing_table":1,"minecraft:birch_planks":28,"minecraft:iron_chestplate":1,"minecraft:shield":3,"easy_emerald:obsidian_sword":2,"minecraft:stick":252,"minecraft:iron_pickaxe":4,"minecraft:iron_ingot":50,"minecraft:stone_sword":1,"deep_dark_regrowth:stone_tiles_stairs":1,"minecraft:stone_shovel":63,"vanillaplustools:stone_hammer":9,"minecraft:furnace":3,"minecraft:bone_meal":111,"easy_emerald:obsidian_leggings":2,"thalassophobia:cooked_crab":1,"minecraft:stone_pickaxe":88,"easy_emerald:obsidian_head":3,"minecraft:bucket":2,"minecraft:stone_axe":2,"minecraft:air":0,"minecraft:jungle_planks":36,"minecraft:wooden_axe":1,"minecraft:iron_leggings":1,"minecraft:stonecutter":1,"minecraft:torch":16},"minecraft:picked_up":{"easy_emerald:ruby_juju":1,"minecraft:stone_brick_stairs":4,"thalassophobia:tooth":8,"minecraft:string":16,"minecraft:raw_copper":66,"minecraft:beetroot":5,"minecraft:cobbled_deepslate":137,"minecraft:gold_nugget":83,"easy_emerald:amethyst_juju":1,"minecraft:iron_pickaxe":2,"netherexp:fossil_fuel":2,"minecraft:melon_slice":44,"minecraft:furnace":1,"minecraft:golden_helmet":1,"minecraft:stick":50,"minecraft:oak_fence":1,"minecraft:torch":21,"minecraft:porkchop":9,"minecraft:cauldron":2,"minecraft:stone_sword":2,"minecraft:rotten_flesh":65,"thalassophobia:raw_crab":1,"minecraft:obsidian":117,"minecraft:iron_bars":4,"minecraft:cobblestone":6523,"minecraft:birch_log":7,"minecraft:cooked_beef":3,"minecraft:andesite":234,"minecraft:birch_slab":4,"minecraft:jungle_log":9,"minecraft:potato":242,"minecraft:flint":28,"minecraft:tuff":22,"minecraft:lapis_lazuli":127,"minecraft:dirt":8938,"minecraft:bone":34,"minecraft:bow":4,"minecraft:wheat_seeds":111,"minecraft:raw_gold":49,"minecraft:mossy_stone_bricks":3,"minecraft:oak_planks":56,"minecraft:mossy_stone_brick_stairs":3,"unusualfishmod:raw_hatchetfish":1,"minecraft:sand":203,"sons_of_sins:flesh_of_demise":1,"minecraft:diamond":23,"minecraft:crossbow":1,"minecraft:granite":40,"minecraft:golden_apple":7,"minecraft:bone_meal":6,"minecraft:emerald":5,"minecraft:bread":6,"minecraft:oak_sapling":48,"minecraft:netherrack":203,"iceandfire:raw_silver":2,"minecraft:coarse_dirt":5,"minecraft:crafting_table":8,"minecraft:azure_bluet":5,"cataclysm:stone_tile_stairs":2,"minecraft:wooden_pickaxe":1,"gravestone:obituary":4,"minecraft:brick":9,"minecraft:shield":3,"minecraft:cornflower":2,"minecraft:moss_carpet":7,"minecraft:iron_axe":1,"deep_dark_regrowth:stone_tiles_stairs":4,"minecraft:cracked_stone_bricks":4,"minecraft:beef":3,"netherexp:soul_magma_block":3,"minecraft:poppy":1,"minecraft:sugar_cane":18,"minecraft:chest":1,"minecraft:birch_sapling":2,"thalassophobia:raw_fish_meat":19,"minecraft:raw_iron":58,"minecraft:bowl":4,"minecraft:carrot":103,"minecraft:redstone":244,"minecraft:tnt":6,"minecraft:arrow":26,"minecraft:beetroot_seeds":16,"thalassophobia:fish_scale":6,"netherexp:sorrowsquash":1,"minecraft:mutton":8,"minecraft:white_wool":5,"minecraft:oxeye_daisy":4,"minecraft:stripped_oak_log":1,"minecraft:golden_carrot":23,"minecraft:leather":2,"minecraft:birch_planks":19,"minecraft:oak_log":103,"minecraft:gunpowder":11,"minecraft:cobblestone_stairs":1,"minecraft:apple":8,"minecraft:stone_bricks":8,"minecraft:rabbit_hide":1,"minecraft:stone_pickaxe":6,"minecraft:cobweb":2,"minecraft:glass_bottle":8,"minecraft:iron_sword":1,"minecraft:soul_sand":121,"minecraft:book":18,"minecraft:oak_slab":16,"minecraft:black_candle":4,"minecraft:sweet_berries":10,"minecraft:quartz":270,"minecraft:dandelion":33,"minecraft:gravel":314,"minecraft:blast_furnace":3,"minecraft:white_bed":10,"minecraft:spider_eye":2,"minecraft:stone_axe":1,"minecraft:coal":104},"minecraft:used":{"minecraft:beetroot":1,"minecraft:chest":1,"minecraft:shield":114,"minecraft:iron_sword":394,"minecraft:soul_sand":76,"minecraft:carrot":51,"minecraft:tuff":4,"minecraft:obsidian":14,"minecraft:lava_bucket":4,"minecraft:birch_sapling":2,"minecraft:iron_helmet":1,"minecraft:stone_bricks":4,"minecraft:rabbit_stew":1,"minecraft:bow":2,"minecraft:oak_sapling":4,"minecraft:furnace":3,"minecraft:beetroot_seeds":10,"minecraft:potato":97,"minecraft:stone_pickaxe":512,"minecraft:oak_planks":17,"minecraft:wooden_pickaxe":17,"minecraft:sugar_cane":10,"minecraft:sand":1,"minecraft:blast_furnace":3,"minecraft:melon_slice":44,"minecraft:bread":58,"sons_of_sins:flesh_of_demise":1,"minecraft:smithing_table":1,"minecraft:bone_meal":111,"netherexp:sorrowsquash":1,"minecraft:iron_bars":2,"minecraft:flint_and_steel":1,"minecraft:stone_shovel":114,"vanillaplustools:stone_hammer":1093,"minecraft:stone_hoe":25,"minecraft:netherrack":164,"minecraft:torch":95,"minecraft:dirt":6641,"minecraft:wooden_axe":11,"deep_dark_regrowth:stone_tiles_stairs":4,"thalassophobia:cooked_crab":1,"minecraft:barrel":8,"thalassophobia:cooked_fish_meat":4,"minecraft:cobbled_deepslate":58,"minecraft:wheat_seeds":1,"minecraft:cooked_mutton":8,"minecraft:water_bucket":58,"minecraft:birch_planks":1,"minecraft:baked_potato":63,"minecraft:stonecutter":1,"minecraft:crafting_table":10,"vanillaplustools:stone_shovel":954,"minecraft:white_bed":12,"easy_emerald:obsidian_sword":224,"cataclysm:stone_tile_stairs":2,"minecraft:smoker":1,"minecraft:diamond_pickaxe":145,"minecraft:apple":1,"minecraft:iron_pickaxe":320,"minecraft:suspicious_stew":2,"minecraft:stone_axe":154,"minecraft:cobblestone":132,"minecraft:potion":1,"minecraft:cooked_porkchop":13,"minecraft:bucket":63},"minecraft:custom":{"minecraft:interact_with_crafting_table":95,"minecraft:open_barrel":98,"minecraft:leave_game":14,"minecraft:time_since_death":19725,"minecraft:sprint_one_cm":1074724,"minecraft:damage_blocked_by_shield":6660,"minecraft:drop":330,"minecraft:talked_to_villager":3,"minecraft:play_time":576587,"minecraft:deaths":20,"minecraft:jump":7201,"minecraft:walk_on_water_one_cm":59280,"minecraft:interact_with_furnace":40,"minecraft:sleep_in_bed":24,"minecraft:damage_dealt":27794,"minecraft:crouch_one_cm":79366,"minecraft:interact_with_smoker":25,"minecraft:mob_kills":158,"minecraft:climb_one_cm":1293,"minecraft:walk_one_cm":2160077,"minecraft:sneak_time":31346,"minecraft:walk_under_water_one_cm":29177,"minecraft:interact_with_blast_furnace":35,"minecraft:total_world_time":576587,"spartanshields:shield_bash_hits":8,"minecraft:interact_with_stonecutter":7,"minecraft:time_since_rest":21531,"minecraft:damage_taken":12692,"minecraft:swim_one_cm":34188,"minecraft:fly_one_cm":1288622,"minecraft:open_chest":175,"minecraft:fall_one_cm":120841},"minecraft:dropped":{"minecraft:iron_sword":3,"iceandfire:raw_silver":2,"minecraft:soul_sand":45,"minecraft:birch_planks":9,"minecraft:lapis_lazuli":39,"minecraft:oak_log":9,"minecraft:glass_bottle":9,"minecraft:crafting_table":1,"minecraft:cooked_porkchop":2,"minecraft:crossbow":1,"minecraft:leather":2,"minecraft:mossy_stone_brick_stairs":3,"minecraft:jungle_planks":1,"minecraft:cracked_stone_bricks":4,"minecraft:flint":9,"minecraft:emerald":5,"minecraft:cobblestone_stairs":1,"minecraft:dirt":1318,"minecraft:cornflower":2,"gravestone:obituary":17,"minecraft:gold_nugget":5,"minecraft:bone_meal":3,"minecraft:sand":42,"minecraft:iron_pickaxe":2,"minecraft:white_wool":1,"minecraft:cauldron":2,"minecraft:bone":5,"minecraft:gravel":315,"minecraft:stone_axe":1,"vanillaplustools:stone_shovel":1,"minecraft:cobbled_deepslate":31,"minecraft:obsidian":52,"minecraft:rotten_flesh":58,"minecraft:oak_planks":46,"minecraft:azure_bluet":5,"minecraft:white_bed":1,"minecraft:carrot":9,"minecraft:poppy":1,"minecraft:rabbit_hide":1,"minecraft:leather_chestplate":1,"easy_emerald:obsidian_sword":1,"minecraft:gunpowder":7,"minecraft:beetroot_seeds":6,"minecraft:chest":1,"vanillaplustools:stone_hammer":1,"minecraft:iron_bars":2,"minecraft:arrow":6,"minecraft:stone_brick_stairs":2,"minecraft:quartz":4,"minecraft:oak_slab":16,"minecraft:wheat_seeds":110,"minecraft:tnt":6,"minecraft:oak_fence":1,"minecraft:cobblestone":1108,"minecraft:apple":2,"minecraft:granite":40,"minecraft:coal":19,"minecraft:stick":8,"minecraft:oxeye_daisy":3,"minecraft:cobweb":2,"minecraft:torch":34,"minecraft:wooden_axe":1,"minecraft:dandelion":33,"minecraft:redstone":26,"minecraft:moss_carpet":6,"unusualfishmod:raw_hatchetfish":1,"minecraft:coarse_dirt":9,"minecraft:stone_sword":3,"minecraft:raw_copper":17,"minecraft:bowl":7,"minecraft:tuff":18,"minecraft:stone_shovel":3,"minecraft:raw_iron":14,"minecraft:potato":1,"minecraft:shield":4,"minecraft:andesite":180,"minecraft:mossy_stone_bricks":2,"thalassophobia:tooth":8,"minecraft:oak_sapling":38,"minecraft:spider_eye":1,"minecraft:stone_bricks":3,"minecraft:bow":4,"minecraft:stone_pickaxe":6,"minecraft:wooden_pickaxe":3,"minecraft:brick":9},"minecraft:mined":{"minecraft:white_bed":11,"minecraft:oak_sapling":1,"netherexp:fossil_fuel_ore":2,"minecraft:obsidian":69,"minecraft:granite":40,"minecraft:grass_block":2284,"minecraft:jungle_log":9,"minecraft:oxeye_daisy":3,"minecraft:spawner":2,"minecraft:magma_block":1,"minecraft:iron_ore":28,"minecraft:cobbled_deepslate":8,"minecraft:fire":11,"minecraft:deepslate_lapis_ore":18,"minecraft:azure_bluet":1,"minecraft:iron_bars":13,"minecraft:black_candle":1,"minecraft:deepslate_redstone_ore":44,"minecraft:quartz_block":3,"minecraft:soul_fire":1,"minecraft:torch":6,"minecraft:blast_furnace":3,"minecraft:poppy":1,"minecraft:melon":7,"minecraft:nether_quartz_ore":231,"minecraft:cobblestone":73,"minecraft:sugar_cane":4,"minecraft:oak_planks":10,"minecraft:wall_torch":5,"deep_dark_regrowth:stone_tiles_stairs":4,"minecraft:birch_log":7,"minecraft:wheat":1,"netherexp:ecto_soul_sand":2,"netherexp:quartz_crystal":15,"minecraft:stone_brick_stairs":2,"minecraft:grass":338,"minecraft:oak_log":94,"minecraft:beetroots":6,"minecraft:sand":162,"minecraft:dirt":3301,"minecraft:netherrack":461,"minecraft:deepslate":135,"minecraft:nether_gold_ore":19,"minecraft:diamond_ore":1,"minecraft:tuff":13,"iceandfire:silver_ore":6,"minecraft:deepslate_diamond_ore":22,"gravestone:gravestone":19,"cataclysm:stone_tile_stairs":2,"minecraft:large_fern":1,"minecraft:redstone_ore":4,"minecraft:furnace":1,"minecraft:carrots":32,"minecraft:andesite":232,"minecraft:mossy_stone_brick_stairs":1,"minecraft:bookshelf":6,"minecraft:potatoes":67,"minecraft:deepslate_iron_ore":31,"minecraft:vine":1,"minecraft:stripped_oak_log":1,"minecraft:stone":5612,"netherexp:fossil_ore":2,"minecraft:soul_sand":121,"minecraft:dandelion":25,"minecraft:crafting_table":7,"minecraft:cornflower":2,"minecraft:emerald_ore":5,"graveyard:tg_grass_block":4,"minecraft:tall_grass":59,"minecraft:copper_ore":20,"minecraft:lapis_ore":3,"minecraft:deepslate_gold_ore":44,"netherexp:sorrowsquash_stem_plant":1,"minecraft:birch_planks":4,"minecraft:coal_ore":84,"minecraft:gravel":195,"minecraft:cobweb":8,"minecraft:cracked_stone_bricks":9,"minecraft:stone_bricks":16,"minecraft:mossy_stone_bricks":3,"minecraft:gold_ore":5,"netherexp:soul_magma_block":3,"minecraft:fern":5}},"DataVersion":3465}