{"stats":{"minecraft:killed":{"minecraft:cave_spider":2,"minecraft:spider":6,"thalassophobia:megapiranha":8,"minecraft:skeleton":15,"minecraft:piglin":1,"minecraft:husk":2,"minecraft:pig":4,"minecraft:zombie_villager":1,"minecraft:creeper":7,"minecraft:sheep":5,"minecraft:pillager":2,"sons_of_sins:betrayed_guzzler":1,"minecraft:zombie":39,"unusualfishmod:hatchet_fish":4,"minecraft:cow":1},"minecraft:mined":{"minecraft:nether_gold_ore":8,"minecraft:diamond_ore":1,"minecraft:tuff":13,"minecraft:white_bed":11,"minecraft:oak_sapling":1,"iceandfire:silver_ore":6,"minecraft:deepslate_diamond_ore":22,"netherexp:fossil_fuel_ore":2,"minecraft:obsidian":69,"minecraft:granite":40,"gravestone:gravestone":10,"cataclysm:stone_tile_stairs":2,"minecraft:grass_block":2284,"minecraft:jungle_log":9,"minecraft:oxeye_daisy":3,"minecraft:large_fern":1,"minecraft:magma_block":1,"minecraft:redstone_ore":4,"minecraft:furnace":1,"minecraft:carrots":12,"minecraft:iron_ore":28,"minecraft:cobbled_deepslate":8,"minecraft:andesite":232,"minecraft:deepslate_lapis_ore":18,"minecraft:azure_bluet":1,"minecraft:mossy_stone_brick_stairs":1,"minecraft:potatoes":37,"minecraft:deepslate_iron_ore":31,"minecraft:vine":1,"minecraft:black_candle":1,"minecraft:stripped_oak_log":1,"minecraft:stone":5591,"minecraft:deepslate_redstone_ore":44,"minecraft:soul_fire":1,"netherexp:fossil_ore":2,"minecraft:soul_sand":121,"minecraft:dandelion":25,"minecraft:cornflower":2,"minecraft:torch":1,"minecraft:crafting_table":7,"minecraft:blast_furnace":3,"minecraft:emerald_ore":5,"minecraft:poppy":1,"minecraft:melon":7,"minecraft:nether_quartz_ore":25,"minecraft:copper_ore":20,"minecraft:tall_grass":59,"graveyard:tg_grass_block":4,"minecraft:cobblestone":71,"minecraft:deepslate_gold_ore":44,"minecraft:lapis_ore":3,"minecraft:oak_planks":7,"minecraft:sugar_cane":4,"deep_dark_regrowth:stone_tiles_stairs":4,"minecraft:birch_planks":4,"minecraft:birch_log":7,"minecraft:wheat":1,"netherexp:ecto_soul_sand":2,"netherexp:quartz_crystal":2,"minecraft:grass":338,"minecraft:coal_ore":84,"minecraft:oak_log":94,"minecraft:beetroots":1,"minecraft:gravel":195,"minecraft:dirt":3297,"minecraft:sand":162,"minecraft:cobweb":8,"minecraft:stone_bricks":1,"minecraft:netherrack":389,"minecraft:gold_ore":5,"minecraft:mossy_stone_bricks":1,"netherexp:soul_magma_block":3,"minecraft:deepslate":135,"minecraft:fern":5},"minecraft:broken":{"minecraft:leather_helmet":1,"minecraft:stone_pickaxe":1,"minecraft:shield":1,"vanillaplustools:stone_hammer":8,"minecraft:iron_sword":1,"minecraft:iron_pickaxe":1,"vanillaplustools:stone_shovel":6},"minecraft:used":{"minecraft:flint_and_steel":1,"minecraft:stone_shovel":114,"minecraft:chest":1,"minecraft:shield":53,"minecraft:iron_sword":249,"vanillaplustools:stone_hammer":1093,"minecraft:stone_hoe":22,"minecraft:netherrack":37,"minecraft:soul_sand":76,"minecraft:dirt":6591,"minecraft:carrot":30,"minecraft:tuff":4,"minecraft:obsidian":14,"minecraft:wooden_axe":11,"minecraft:lava_bucket":4,"deep_dark_regrowth:stone_tiles_stairs":4,"thalassophobia:cooked_crab":1,"minecraft:birch_sapling":2,"minecraft:barrel":6,"minecraft:rabbit_stew":1,"thalassophobia:cooked_fish_meat":4,"minecraft:bow":2,"minecraft:oak_sapling":4,"minecraft:furnace":3,"minecraft:beetroot_seeds":1,"minecraft:potato":65,"minecraft:cobbled_deepslate":58,"minecraft:wheat_seeds":1,"minecraft:cooked_mutton":8,"minecraft:water_bucket":58,"minecraft:baked_potato":4,"minecraft:birch_planks":1,"minecraft:oak_planks":2,"minecraft:stone_pickaxe":204,"minecraft:wooden_pickaxe":17,"minecraft:stonecutter":1,"minecraft:sugar_cane":10,"minecraft:sand":1,"minecraft:blast_furnace":3,"minecraft:crafting_table":10,"vanillaplustools:stone_shovel":954,"minecraft:white_bed":12,"easy_emerald:obsidian_sword":127,"cataclysm:stone_tile_stairs":2,"minecraft:smoker":1,"minecraft:diamond_pickaxe":145,"minecraft:apple":1,"minecraft:bread":58,"minecraft:melon_slice":44,"minecraft:iron_pickaxe":250,"minecraft:suspicious_stew":2,"minecraft:stone_axe":144,"sons_of_sins:flesh_of_demise":1,"minecraft:cobblestone":124,"minecraft:cooked_porkchop":10,"minecraft:bucket":63,"minecraft:bone_meal":111},"minecraft:picked_up":{"minecraft:coarse_dirt":5,"minecraft:crafting_table":8,"minecraft:azure_bluet":5,"cataclysm:stone_tile_stairs":2,"easy_emerald:ruby_juju":1,"thalassophobia:tooth":8,"minecraft:cornflower":2,"minecraft:string":12,"minecraft:moss_carpet":7,"minecraft:raw_copper":66,"minecraft:iron_axe":1,"deep_dark_regrowth:stone_tiles_stairs":4,"minecraft:gold_nugget":36,"minecraft:cobbled_deepslate":137,"minecraft:beef":3,"netherexp:soul_magma_block":3,"easy_emerald:amethyst_juju":1,"minecraft:poppy":1,"netherexp:fossil_fuel":2,"minecraft:melon_slice":44,"minecraft:sugar_cane":18,"minecraft:birch_sapling":2,"minecraft:furnace":1,"thalassophobia:raw_fish_meat":19,"minecraft:stick":50,"minecraft:raw_iron":58,"minecraft:torch":9,"minecraft:bowl":2,"minecraft:porkchop":9,"minecraft:carrot":37,"minecraft:redstone":244,"minecraft:stone_sword":1,"minecraft:arrow":20,"minecraft:rotten_flesh":45,"minecraft:beetroot_seeds":1,"thalassophobia:raw_crab":1,"thalassophobia:fish_scale":6,"minecraft:obsidian":117,"minecraft:mutton":8,"minecraft:white_wool":5,"minecraft:cobblestone":6453,"minecraft:oxeye_daisy":4,"minecraft:stripped_oak_log":1,"minecraft:birch_log":7,"minecraft:golden_carrot":5,"minecraft:andesite":234,"minecraft:birch_slab":4,"minecraft:jungle_log":9,"minecraft:leather":2,"minecraft:potato":132,"minecraft:birch_planks":13,"minecraft:flint":28,"minecraft:tuff":22,"minecraft:oak_log":103,"minecraft:gunpowder":2,"minecraft:lapis_lazuli":127,"minecraft:dirt":8768,"minecraft:bone":28,"minecraft:apple":4,"minecraft:stone_bricks":1,"minecraft:bow":4,"minecraft:wheat_seeds":111,"minecraft:raw_gold":49,"minecraft:stone_pickaxe":6,"minecraft:mossy_stone_bricks":1,"minecraft:soul_sand":121,"minecraft:iron_sword":1,"minecraft:oak_planks":54,"minecraft:mossy_stone_brick_stairs":3,"minecraft:oak_slab":16,"minecraft:black_candle":4,"minecraft:sweet_berries":10,"minecraft:quartz":28,"minecraft:dandelion":33,"unusualfishmod:raw_hatchetfish":1,"minecraft:gravel":313,"minecraft:sand":203,"minecraft:blast_furnace":3,"minecraft:white_bed":10,"sons_of_sins:flesh_of_demise":1,"minecraft:stone_axe":1,"minecraft:diamond":23,"minecraft:granite":40,"minecraft:bone_meal":6,"minecraft:bread":6,"minecraft:emerald":5,"minecraft:oak_sapling":48,"minecraft:netherrack":132,"minecraft:coal":85,"iceandfire:raw_silver":2},"minecraft:dropped":{"minecraft:soul_sand":2,"iceandfire:raw_silver":2,"minecraft:iron_sword":1,"minecraft:oak_slab":16,"minecraft:birch_planks":9,"minecraft:wheat_seeds":110,"minecraft:lapis_lazuli":39,"minecraft:oak_log":9,"minecraft:crafting_table":1,"minecraft:cobblestone":1108,"minecraft:leather":2,"minecraft:jungle_planks":1,"minecraft:granite":40,"minecraft:mossy_stone_brick_stairs":3,"minecraft:flint":9,"minecraft:stick":8,"minecraft:emerald":5,"minecraft:oxeye_daisy":3,"minecraft:dirt":1318,"minecraft:torch":4,"minecraft:cornflower":2,"minecraft:wooden_axe":1,"gravestone:obituary":10,"minecraft:bone_meal":3,"minecraft:sand":42,"minecraft:white_wool":1,"minecraft:dandelion":33,"minecraft:redstone":26,"minecraft:gravel":314,"minecraft:stone_axe":1,"minecraft:moss_carpet":6,"unusualfishmod:raw_hatchetfish":1,"minecraft:coarse_dirt":9,"minecraft:stone_sword":2,"minecraft:cobbled_deepslate":31,"minecraft:raw_copper":17,"minecraft:stone_shovel":1,"minecraft:bowl":5,"minecraft:tuff":18,"minecraft:obsidian":52,"minecraft:raw_iron":14,"minecraft:rotten_flesh":46,"minecraft:oak_planks":46,"minecraft:azure_bluet":5,"minecraft:white_bed":1,"minecraft:poppy":1,"minecraft:leather_chestplate":1,"easy_emerald:obsidian_sword":1,"minecraft:gunpowder":2,"minecraft:andesite":180,"thalassophobia:tooth":8,"minecraft:oak_sapling":38,"vanillaplustools:stone_hammer":1,"minecraft:bow":4,"minecraft:stone_pickaxe":6,"minecraft:wooden_pickaxe":2},"minecraft:custom":{"minecraft:mob_kills":100,"minecraft:interact_with_crafting_table":83,"minecraft:open_barrel":65,"minecraft:leave_game":12,"minecraft:time_since_death":11509,"minecraft:climb_one_cm":1293,"minecraft:sprint_one_cm":775685,"minecraft:walk_one_cm":1795157,"minecraft:damage_blocked_by_shield":2745,"minecraft:drop":260,"minecraft:talked_to_villager":2,"minecraft:play_time":449226,"minecraft:sneak_time":24005,"minecraft:deaths":11,"minecraft:walk_under_water_one_cm":26995,"minecraft:jump":6107,"minecraft:interact_with_blast_furnace":32,"minecraft:walk_on_water_one_cm":45142,"minecraft:total_world_time":449226,"minecraft:interact_with_furnace":34,"spartanshields:shield_bash_hits":2,"minecraft:interact_with_stonecutter":6,"minecraft:sleep_in_bed":22,"minecraft:time_since_rest":11536,"minecraft:damage_taken":7475,"minecraft:damage_dealt":17634,"minecraft:swim_one_cm":15914,"minecraft:fly_one_cm":1071062,"minecraft:open_chest":99,"minecraft:crouch_one_cm":56417,"minecraft:interact_with_smoker":16,"minecraft:fall_one_cm":98618},"minecraft:crafted":{"deep_dark_regrowth:stone_tiles_stairs":1,"minecraft:oak_planks":199,"minecraft:barrel":6,"minecraft:stone_shovel":61,"vanillaplustools:stone_hammer":9,"minecraft:birch_slab":6,"minecraft:furnace":3,"minecraft:stone":11,"minecraft:bone_meal":111,"thalassophobia:cooked_fish_meat":4,"easy_emerald:obsidian_leggings":2,"thalassophobia:cooked_crab":1,"minecraft:cooked_mutton":8,"minecraft:glass":24,"minecraft:iron_boots":1,"minecraft:stone_pickaxe":88,"minecraft:chest":1,"vanillaplustools:stone_shovel":7,"minecraft:stone_hoe":1,"minecraft:smoker":1,"easy_emerald:obsidian_body":2,"minecraft:oak_slab":12,"easy_emerald:obsidian_head":2,"minecraft:cooked_porkchop":12,"minecraft:crafting_table":3,"minecraft:baked_potato":56,"minecraft:wooden_pickaxe":1,"minecraft:iron_helmet":1,"easy_emerald:obsidian_boots":2,"minecraft:bucket":2,"minecraft:birch_planks":28,"minecraft:stone_axe":2,"minecraft:air":0,"minecraft:jungle_planks":36,"minecraft:iron_chestplate":1,"minecraft:shield":1,"easy_emerald:obsidian_sword":2,"minecraft:stick":244,"minecraft:iron_ingot":50,"minecraft:iron_pickaxe":1,"minecraft:wooden_axe":1,"minecraft:stone_sword":1,"minecraft:iron_leggings":1,"minecraft:stonecutter":1,"minecraft:torch":16},"minecraft:killed_by":{"minecraft:husk":3,"thalassophobia:megapiranha":1,"minecraft:skeleton":1,"minecraft:zombie":3}},"DataVersion":3465}