{"stats":{"minecraft:killed":{"minecraft:cave_spider":2,"minecraft:spider":4,"thalassophobia:megapiranha":6,"minecraft:skeleton":13,"minecraft:husk":2,"minecraft:pig":3,"minecraft:zombie_villager":1,"minecraft:creeper":6,"minecraft:sheep":5,"minecraft:pillager":2,"minecraft:zombie":32,"unusualfishmod:hatchet_fish":4,"minecraft:cow":1},"minecraft:mined":{"minecraft:diamond_ore":1,"minecraft:tuff":13,"minecraft:white_bed":8,"iceandfire:silver_ore":5,"minecraft:deepslate_diamond_ore":22,"minecraft:obsidian":69,"minecraft:granite":40,"gravestone:gravestone":7,"minecraft:grass_block":918,"minecraft:jungle_log":9,"minecraft:large_fern":1,"minecraft:redstone_ore":4,"minecraft:furnace":1,"minecraft:iron_ore":28,"minecraft:cobbled_deepslate":8,"minecraft:andesite":232,"minecraft:deepslate_lapis_ore":18,"minecraft:mossy_stone_brick_stairs":1,"minecraft:deepslate_iron_ore":31,"minecraft:black_candle":1,"minecraft:stripped_oak_log":1,"minecraft:stone":5138,"minecraft:deepslate_redstone_ore":44,"minecraft:torch":1,"minecraft:crafting_table":7,"minecraft:blast_furnace":2,"minecraft:emerald_ore":5,"minecraft:melon":7,"minecraft:copper_ore":17,"minecraft:tall_grass":10,"minecraft:cobblestone":67,"graveyard:tg_grass_block":1,"minecraft:deepslate_gold_ore":44,"minecraft:lapis_ore":3,"minecraft:sugar_cane":4,"minecraft:birch_log":7,"minecraft:grass":103,"minecraft:oak_log":83,"minecraft:coal_ore":84,"minecraft:sand":20,"minecraft:gravel":185,"minecraft:dirt":1923,"minecraft:cobweb":8,"minecraft:stone_bricks":1,"minecraft:gold_ore":5,"minecraft:mossy_stone_bricks":1,"minecraft:deepslate":135,"minecraft:fern":3},"minecraft:broken":{"minecraft:leather_helmet":1,"minecraft:stone_pickaxe":1,"minecraft:shield":1,"vanillaplustools:stone_hammer":7,"minecraft:iron_sword":1,"minecraft:iron_pickaxe":1,"vanillaplustools:stone_shovel":3},"minecraft:used":{"minecraft:chest":1,"minecraft:shield":53,"minecraft:iron_sword":249,"vanillaplustools:stone_hammer":963,"minecraft:dirt":4516,"minecraft:tuff":4,"minecraft:wooden_axe":11,"minecraft:lava_bucket":2,"thalassophobia:cooked_crab":1,"minecraft:birch_sapling":2,"minecraft:barrel":3,"minecraft:rabbit_stew":1,"thalassophobia:cooked_fish_meat":1,"minecraft:bow":2,"minecraft:oak_sapling":4,"minecraft:furnace":2,"minecraft:cobbled_deepslate":58,"minecraft:cooked_mutton":8,"minecraft:water_bucket":58,"minecraft:stone_pickaxe":131,"minecraft:wooden_pickaxe":17,"minecraft:sugar_cane":10,"minecraft:blast_furnace":2,"minecraft:crafting_table":10,"vanillaplustools:stone_shovel":445,"minecraft:white_bed":9,"easy_emerald:obsidian_sword":52,"minecraft:diamond_pickaxe":145,"minecraft:bread":42,"minecraft:melon_slice":44,"minecraft:suspicious_stew":2,"minecraft:iron_pickaxe":250,"minecraft:stone_axe":121,"minecraft:cobblestone":86,"minecraft:cooked_porkchop":6,"minecraft:bucket":61},"minecraft:picked_up":{"minecraft:coarse_dirt":1,"minecraft:crafting_table":8,"minecraft:azure_bluet":4,"easy_emerald:ruby_juju":1,"thalassophobia:tooth":7,"minecraft:string":12,"minecraft:moss_carpet":6,"minecraft:raw_copper":56,"minecraft:iron_axe":1,"minecraft:cobbled_deepslate":137,"minecraft:beef":3,"easy_emerald:amethyst_juju":1,"minecraft:poppy":1,"minecraft:melon_slice":44,"minecraft:sugar_cane":18,"minecraft:birch_sapling":2,"minecraft:furnace":1,"thalassophobia:raw_fish_meat":16,"minecraft:stick":44,"minecraft:raw_iron":58,"minecraft:torch":7,"minecraft:bowl":2,"minecraft:porkchop":6,"minecraft:redstone":244,"minecraft:stone_sword":1,"minecraft:arrow":17,"minecraft:rotten_flesh":31,"thalassophobia:raw_crab":1,"thalassophobia:fish_scale":6,"minecraft:obsidian":117,"minecraft:mutton":8,"minecraft:white_wool":5,"minecraft:cobblestone":5942,"minecraft:stripped_oak_log":1,"minecraft:birch_log":7,"minecraft:golden_carrot":5,"minecraft:andesite":234,"minecraft:birch_slab":4,"minecraft:jungle_log":9,"minecraft:leather":2,"minecraft:birch_planks":9,"minecraft:flint":28,"minecraft:tuff":22,"minecraft:oak_log":83,"minecraft:gunpowder":2,"minecraft:lapis_lazuli":127,"minecraft:dirt":5220,"minecraft:bone":24,"minecraft:apple":3,"minecraft:stone_bricks":1,"minecraft:bow":4,"minecraft:wheat_seeds":48,"minecraft:raw_gold":49,"minecraft:stone_pickaxe":6,"minecraft:mossy_stone_bricks":1,"minecraft:iron_sword":1,"minecraft:oak_planks":41,"minecraft:mossy_stone_brick_stairs":3,"minecraft:black_candle":4,"minecraft:sweet_berries":10,"minecraft:dandelion":1,"unusualfishmod:raw_hatchetfish":1,"minecraft:gravel":303,"minecraft:sand":20,"minecraft:blast_furnace":2,"minecraft:white_bed":7,"minecraft:diamond":23,"minecraft:granite":40,"minecraft:bone_meal":5,"minecraft:bread":6,"minecraft:emerald":5,"minecraft:oak_sapling":37,"minecraft:coal":85,"iceandfire:raw_silver":1},"minecraft:dropped":{"iceandfire:raw_silver":1,"minecraft:iron_sword":1,"minecraft:birch_planks":9,"minecraft:wheat_seeds":46,"minecraft:lapis_lazuli":39,"minecraft:crafting_table":1,"minecraft:cobblestone":1054,"minecraft:leather":2,"minecraft:jungle_planks":1,"minecraft:granite":40,"minecraft:mossy_stone_brick_stairs":3,"minecraft:flint":9,"minecraft:stick":6,"minecraft:emerald":5,"minecraft:dirt":870,"minecraft:torch":4,"minecraft:wooden_axe":1,"gravestone:obituary":7,"minecraft:bone_meal":2,"minecraft:white_wool":1,"minecraft:dandelion":1,"minecraft:redstone":26,"minecraft:gravel":304,"minecraft:moss_carpet":6,"unusualfishmod:raw_hatchetfish":1,"minecraft:coarse_dirt":1,"minecraft:stone_sword":2,"minecraft:cobbled_deepslate":31,"minecraft:raw_copper":7,"minecraft:bowl":5,"minecraft:tuff":18,"minecraft:obsidian":52,"minecraft:raw_iron":14,"minecraft:rotten_flesh":32,"minecraft:oak_planks":41,"minecraft:azure_bluet":4,"minecraft:white_bed":1,"minecraft:poppy":1,"minecraft:leather_chestplate":1,"easy_emerald:obsidian_sword":1,"minecraft:gunpowder":2,"minecraft:andesite":180,"minecraft:oak_sapling":27,"thalassophobia:tooth":2,"vanillaplustools:stone_hammer":1,"minecraft:bow":4,"minecraft:wooden_pickaxe":2,"minecraft:stone_pickaxe":6},"minecraft:custom":{"minecraft:mob_kills":82,"minecraft:interact_with_crafting_table":64,"minecraft:open_barrel":41,"minecraft:leave_game":11,"minecraft:time_since_death":215289,"minecraft:climb_one_cm":1170,"minecraft:sprint_one_cm":512931,"minecraft:walk_one_cm":1286945,"minecraft:damage_blocked_by_shield":2745,"minecraft:drop":166,"minecraft:talked_to_villager":2,"minecraft:play_time":288984,"minecraft:deaths":8,"minecraft:sneak_time":17368,"minecraft:walk_under_water_one_cm":15420,"minecraft:jump":3988,"minecraft:interact_with_blast_furnace":26,"minecraft:walk_on_water_one_cm":28745,"minecraft:total_world_time":288984,"minecraft:interact_with_furnace":17,"spartanshields:shield_bash_hits":2,"minecraft:sleep_in_bed":13,"minecraft:time_since_rest":2220,"minecraft:damage_taken":5559,"minecraft:damage_dealt":14165,"minecraft:swim_one_cm":14066,"minecraft:fly_one_cm":613122,"minecraft:open_chest":66,"minecraft:crouch_one_cm":32792,"minecraft:fall_one_cm":65900},"minecraft:crafted":{"minecraft:oak_planks":112,"minecraft:stone_shovel":31,"minecraft:barrel":3,"vanillaplustools:stone_hammer":9,"minecraft:birch_slab":6,"minecraft:furnace":1,"thalassophobia:cooked_fish_meat":1,"easy_emerald:obsidian_leggings":2,"thalassophobia:cooked_crab":1,"minecraft:cooked_mutton":8,"minecraft:iron_boots":1,"minecraft:stone_pickaxe":88,"minecraft:chest":1,"vanillaplustools:stone_shovel":4,"easy_emerald:obsidian_body":2,"minecraft:oak_slab":6,"easy_emerald:obsidian_head":2,"minecraft:cooked_porkchop":6,"minecraft:crafting_table":3,"minecraft:wooden_pickaxe":1,"minecraft:iron_helmet":1,"easy_emerald:obsidian_boots":2,"minecraft:bucket":2,"minecraft:birch_planks":28,"minecraft:stone_axe":2,"minecraft:air":0,"minecraft:jungle_planks":36,"minecraft:iron_chestplate":1,"minecraft:shield":1,"easy_emerald:obsidian_sword":2,"minecraft:stick":184,"minecraft:iron_ingot":50,"minecraft:iron_pickaxe":1,"minecraft:wooden_axe":1,"minecraft:stone_sword":1,"minecraft:iron_leggings":1,"minecraft:torch":16},"minecraft:killed_by":{"minecraft:husk":3,"thalassophobia:megapiranha":1,"minecraft:skeleton":1,"minecraft:zombie":3}},"DataVersion":3465}