{"stats":{"minecraft:broken":{"minecraft:iron_boots":1,"minecraft:iron_chestplate":2,"easy_emerald:obsidian_leggings":1,"easy_emerald:obsidian_head":1,"easy_emerald:obsidian_boots":1,"minecraft:stone_pickaxe":4,"easy_emerald:obsidian_body":1,"minecraft:iron_sword":2,"minecraft:leather_helmet":1,"minecraft:shield":4,"vanillaplustools:stone_hammer":8,"minecraft:iron_pickaxe":1,"vanillaplustools:stone_shovel":6},"minecraft:killed_by":{"minecraft:wither_skeleton":5,"minecraft:creeper":1,"minecraft:zombie":5,"minecraft:husk":3,"minecraft:player":4,"minecraft:stray":8,"thalassophobia:megapiranha":1,"minecraft:hoglin":1,"minecraft:skeleton":1},"minecraft:killed":{"minecraft:cave_spider":6,"minecraft:spider":14,"minecraft:skeleton":27,"faded_conquest_2:demon":3,"minecraft:silverfish":3,"minecraft:piglin":4,"minecraft:pig":4,"minecraft:zombie_villager":1,"minecraft:creeper":11,"minecraft:sheep":5,"minecraft:pillager":2,"minecraft:zombie":65,"minecraft:stray":21,"unusualfishmod:hatchet_fish":4,"minecraft:cow":1,"thalassophobia:megapiranha":8,"minecraft:husk":2,"graveyard:ghoul":2,"minecraft:hoglin":3,"sons_of_sins:betrayed_guzzler":1,"minecraft:wither_skeleton":11},"minecraft:crafted":{"minecraft:oak_planks":199,"minecraft:barrel":8,"minecraft:cooked_chicken":1,"minecraft:birch_slab":12,"iceandfire:lectern":1,"minecraft:stone":11,"thalassophobia:cooked_fish_meat":4,"minecraft:cooked_mutton":8,"minecraft:glass":27,"minecraft:quartz_block":66,"minecraft:iron_boots":1,"minecraft:chest":1,"vanillaplustools:stone_shovel":7,"minecraft:stone_hoe":2,"minecraft:smoker":1,"easy_emerald:obsidian_body":2,"minecraft:oak_slab":18,"minecraft:cooked_porkchop":12,"minecraft:crafting_table":3,"easy_emerald:obsidian_boots":2,"minecraft:iron_helmet":2,"minecraft:wooden_pickaxe":1,"minecraft:baked_potato":88,"minecraft:smithing_table":1,"minecraft:birch_planks":68,"iceandfire:podium_birch":1,"minecraft:iron_chestplate":1,"minecraft:shield":3,"easy_emerald:obsidian_sword":2,"minecraft:birch_fence":18,"minecraft:stick":264,"minecraft:iron_pickaxe":4,"minecraft:iron_ingot":50,"minecraft:stone_sword":1,"xpbook:xp_tome":1,"minecraft:coal":18,"deep_dark_regrowth:stone_tiles_stairs":1,"minecraft:stone_shovel":63,"vanillaplustools:stone_hammer":9,"minecraft:furnace":3,"minecraft:bone_meal":207,"easy_emerald:obsidian_leggings":2,"thalassophobia:cooked_crab":1,"minecraft:stone_pickaxe":88,"easy_emerald:obsidian_head":3,"minecraft:bucket":2,"minecraft:stone_axe":2,"minecraft:air":0,"minecraft:jungle_planks":36,"iceandfire:bestiary":1,"minecraft:wooden_axe":1,"minecraft:iron_leggings":1,"minecraft:stonecutter":1,"minecraft:torch":16},"minecraft:picked_up":{"minecraft:iron_chestplate":3,"minecraft:wheat":26,"minecraft:redstone_block":6,"minecraft:chainmail_boots":1,"netherexp:hogham":19,"easy_emerald:ruby_juju":1,"minecraft:stone_brick_stairs":4,"thalassophobia:tooth":8,"minecraft:string":18,"minecraft:raw_copper":66,"minecraft:iron_leggings":1,"minecraft:beetroot":5,"minecraft:diamond_leggings":1,"minecraft:cobbled_deepslate":137,"minecraft:gold_nugget":83,"easy_emerald:amethyst_juju":1,"minecraft:iron_pickaxe":3,"minecraft:coal_block":2,"netherexp:fossil_fuel":2,"minecraft:melon_slice":44,"minecraft:iron_boots":1,"minecraft:furnace":1,"minecraft:tipped_arrow":10,"minecraft:golden_helmet":3,"minecraft:stick":50,"minecraft:oak_fence":1,"minecraft:torch":26,"minecraft:porkchop":9,"minecraft:diorite":1,"minecraft:golden_chestplate":1,"minecraft:cauldron":2,"netherexp:cooked_hogham":7,"minecraft:stone_sword":2,"minecraft:rotten_flesh":78,"thalassophobia:raw_crab":1,"minecraft:obsidian":117,"minecraft:iron_bars":15,"minecraft:cobblestone":6530,"minecraft:birch_log":17,"minecraft:cooked_beef":3,"minecraft:andesite":234,"minecraft:birch_slab":4,"minecraft:jungle_log":9,"minecraft:golden_leggings":1,"minecraft:potato":242,"minecraft:flint":28,"minecraft:tuff":22,"minecraft:lapis_lazuli":127,"minecraft:dirt":8942,"minecraft:bone":71,"minecraft:bow":8,"minecraft:wheat_seeds":186,"minecraft:raw_gold":49,"easy_emerald:obsidian_bow":1,"minecraft:mossy_stone_bricks":3,"minecraft:oak_planks":66,"minecraft:mossy_stone_brick_stairs":4,"unusualfishmod:raw_hatchetfish":1,"minecraft:sand":229,"minecraft:nether_brick_stairs":4,"sons_of_sins:flesh_of_demise":3,"minecraft:diamond":39,"minecraft:crossbow":1,"minecraft:granite":40,"minecraft:golden_apple":9,"minecraft:bone_meal":6,"minecraft:chainmail_helmet":1,"minecraft:emerald":5,"minecraft:bread":6,"minecraft:oak_sapling":48,"minecraft:netherrack":203,"iceandfire:raw_silver":2,"minecraft:coarse_dirt":5,"minecraft:crafting_table":8,"minecraft:splash_potion":2,"minecraft:azure_bluet":5,"iceandfire:witherbone":18,"cataclysm:stone_tile_stairs":2,"minecraft:leather_leggings":1,"minecraft:wooden_pickaxe":1,"gravestone:obituary":8,"minecraft:brick":9,"minecraft:shield":3,"minecraft:cornflower":2,"minecraft:moss_carpet":7,"minecraft:iron_axe":1,"deep_dark_regrowth:stone_tiles_stairs":4,"minecraft:cracked_stone_bricks":4,"minecraft:beef":3,"netherexp:soul_magma_block":3,"deep_dark_regrowth:sculk_soil":3,"minecraft:poppy":1,"minecraft:sugar_cane":25,"minecraft:chest":1,"minecraft:birch_sapling":2,"thalassophobia:raw_fish_meat":19,"minecraft:raw_iron":58,"minecraft:bowl":4,"minecraft:carrot":105,"minecraft:redstone":244,"minecraft:stone_pressure_plate":1,"minecraft:tnt":6,"minecraft:arrow":51,"minecraft:beetroot_seeds":16,"minecraft:nether_bricks":3,"cavesanddepths:cobbled_slate":2,"thalassophobia:fish_scale":6,"netherexp:sorrowsquash":1,"minecraft:mutton":8,"minecraft:bone_block":2,"minecraft:white_wool":5,"minecraft:oxeye_daisy":4,"minecraft:stripped_oak_log":1,"minecraft:golden_carrot":30,"minecraft:leather":8,"minecraft:birch_planks":19,"minecraft:oak_log":103,"minecraft:gunpowder":11,"minecraft:cobblestone_stairs":1,"minecraft:apple":8,"minecraft:stone_bricks":8,"minecraft:iron_ingot":2,"minecraft:rabbit_hide":1,"minecraft:stone_pickaxe":6,"minecraft:cobweb":2,"minecraft:glass_bottle":8,"minecraft:iron_sword":2,"minecraft:soul_sand":121,"minecraft:book":24,"minecraft:oak_slab":16,"minecraft:black_candle":4,"minecraft:sweet_berries":10,"minecraft:quartz":270,"minecraft:dandelion":33,"minecraft:gravel":314,"minecraft:blast_furnace":3,"minecraft:white_bed":10,"minecraft:spruce_door":1,"minecraft:spider_eye":3,"minecraft:leather_helmet":1,"minecraft:diamond_shovel":2,"minecraft:stone_axe":1,"minecraft:mossy_cobblestone_stairs":1,"minecraft:coal":111},"minecraft:used":{"iceandfire:lectern":1,"minecraft:beetroot":1,"minecraft:chest":1,"minecraft:shield":204,"minecraft:iron_sword":621,"easy_emerald:amethyst_sword":3,"minecraft:soul_sand":76,"minecraft:nether_bricks":3,"minecraft:carrot":54,"minecraft:tuff":4,"minecraft:obsidian":14,"minecraft:lava_bucket":4,"minecraft:birch_sapling":2,"minecraft:iron_helmet":1,"minecraft:stone_bricks":4,"minecraft:rabbit_stew":1,"minecraft:bow":3,"minecraft:oak_sapling":4,"minecraft:furnace":3,"minecraft:beetroot_seeds":10,"minecraft:potato":97,"minecraft:stone_pickaxe":512,"minecraft:oak_planks":17,"minecraft:wooden_pickaxe":17,"minecraft:mossy_stone_brick_stairs":1,"minecraft:sugar_cane":17,"minecraft:golden_apple":10,"minecraft:sand":3,"minecraft:blast_furnace":3,"minecraft:birch_fence":18,"minecraft:melon_slice":44,"minecraft:bread":58,"sons_of_sins:flesh_of_demise":1,"minecraft:smithing_table":1,"minecraft:bone_meal":173,"netherexp:sorrowsquash":1,"minecraft:iron_bars":7,"minecraft:flint_and_steel":1,"minecraft:stone_shovel":114,"vanillaplustools:stone_hammer":1093,"minecraft:stone_hoe":42,"minecraft:netherrack":164,"minecraft:torch":143,"minecraft:dirt":6663,"minecraft:mossy_cobblestone_stairs":1,"minecraft:wooden_axe":11,"deep_dark_regrowth:stone_tiles_stairs":4,"thalassophobia:cooked_crab":1,"minecraft:iron_boots":1,"minecraft:barrel":8,"cavesanddepths:cobbled_slate":2,"minecraft:golden_carrot":9,"iceandfire:podium_birch":1,"thalassophobia:cooked_fish_meat":4,"minecraft:stone_pressure_plate":1,"minecraft:cobbled_deepslate":58,"minecraft:wheat_seeds":40,"minecraft:cooked_mutton":8,"minecraft:water_bucket":58,"minecraft:birch_planks":1,"minecraft:baked_potato":88,"minecraft:stonecutter":1,"deep_dark_regrowth:sculk_soil":2,"minecraft:crafting_table":10,"vanillaplustools:stone_shovel":954,"minecraft:white_bed":12,"easy_emerald:obsidian_sword":229,"cataclysm:stone_tile_stairs":2,"minecraft:smoker":1,"minecraft:diamond_pickaxe":145,"minecraft:apple":1,"minecraft:diamond_shovel":25,"netherexp:cooked_hogham":1,"minecraft:iron_pickaxe":398,"minecraft:suspicious_stew":2,"minecraft:stone_axe":154,"minecraft:cobblestone":132,"minecraft:potion":1,"easy_emerald:obsidian_bow":37,"minecraft:cooked_porkchop":13,"minecraft:bucket":63},"minecraft:custom":{"minecraft:interact_with_crafting_table":105,"minecraft:open_barrel":152,"minecraft:leave_game":14,"minecraft:time_since_death":2007,"minecraft:sprint_one_cm":1227778,"minecraft:damage_blocked_by_shield":15059,"minecraft:drop":391,"minecraft:talked_to_villager":3,"minecraft:play_time":726587,"minecraft:deaths":34,"minecraft:jump":7761,"minecraft:walk_on_water_one_cm":80502,"minecraft:interact_with_furnace":44,"minecraft:sleep_in_bed":30,"minecraft:damage_dealt":37019,"minecraft:crouch_one_cm":82625,"minecraft:interact_with_smoker":30,"minecraft:interact_with_smithing_table":3,"minecraft:interact_with_anvil":4,"minecraft:mob_kills":210,"minecraft:climb_one_cm":4921,"minecraft:walk_one_cm":2511673,"minecraft:sneak_time":32125,"minecraft:walk_under_water_one_cm":46389,"minecraft:interact_with_blast_furnace":36,"minecraft:total_world_time":726587,"spartanshields:shield_bash_hits":13,"minecraft:interact_with_stonecutter":7,"minecraft:time_since_rest":2032,"minecraft:damage_absorbed":358,"minecraft:damage_taken":19585,"minecraft:swim_one_cm":39239,"minecraft:fly_one_cm":1436409,"minecraft:open_chest":262,"minecraft:fall_one_cm":128380},"minecraft:dropped":{"minecraft:nether_brick_stairs":4,"minecraft:iron_sword":3,"iceandfire:raw_silver":2,"minecraft:soul_sand":45,"minecraft:birch_planks":9,"minecraft:lapis_lazuli":39,"minecraft:oak_log":9,"minecraft:glass_bottle":9,"minecraft:crafting_table":1,"minecraft:cooked_porkchop":2,"minecraft:crossbow":1,"minecraft:leather":2,"minecraft:mossy_stone_brick_stairs":3,"minecraft:jungle_planks":1,"minecraft:cracked_stone_bricks":4,"minecraft:birch_slab":2,"minecraft:flint":9,"minecraft:emerald":5,"minecraft:cobblestone_stairs":1,"minecraft:dirt":1318,"minecraft:cornflower":2,"gravestone:obituary":32,"minecraft:gold_nugget":5,"minecraft:bone_meal":3,"minecraft:sand":42,"minecraft:iron_pickaxe":2,"minecraft:white_wool":1,"sons_of_sins:flesh_of_demise":1,"minecraft:cauldron":2,"minecraft:bone":14,"minecraft:gravel":315,"minecraft:stone_axe":1,"vanillaplustools:stone_shovel":1,"minecraft:cobbled_deepslate":31,"minecraft:obsidian":52,"minecraft:rotten_flesh":69,"minecraft:oak_planks":46,"minecraft:azure_bluet":5,"minecraft:white_bed":1,"minecraft:carrot":9,"minecraft:poppy":1,"minecraft:rabbit_hide":1,"minecraft:leather_chestplate":1,"easy_emerald:obsidian_sword":1,"minecraft:tipped_arrow":3,"minecraft:gunpowder":7,"minecraft:beetroot_seeds":6,"minecraft:chainmail_boots":1,"minecraft:chest":1,"vanillaplustools:stone_hammer":1,"minecraft:leather_leggings":1,"minecraft:iron_bars":6,"minecraft:arrow":11,"minecraft:stone_brick_stairs":2,"minecraft:quartz":4,"minecraft:oak_slab":16,"minecraft:wheat_seeds":110,"minecraft:golden_helmet":1,"minecraft:tnt":6,"minecraft:oak_fence":1,"minecraft:cobblestone":1108,"minecraft:apple":2,"minecraft:granite":40,"minecraft:spruce_door":1,"minecraft:chainmail_helmet":1,"minecraft:coal":19,"minecraft:stick":8,"minecraft:oxeye_daisy":3,"minecraft:cobweb":2,"minecraft:diorite":1,"minecraft:torch":40,"minecraft:wooden_axe":1,"minecraft:iron_leggings":1,"minecraft:string":1,"minecraft:redstone_block":1,"minecraft:dandelion":33,"minecraft:redstone":26,"minecraft:moss_carpet":6,"unusualfishmod:raw_hatchetfish":1,"minecraft:coarse_dirt":9,"minecraft:stone_sword":3,"minecraft:raw_copper":17,"minecraft:bowl":7,"minecraft:tuff":18,"minecraft:stone_shovel":3,"minecraft:raw_iron":14,"minecraft:potato":1,"minecraft:shield":4,"minecraft:iron_chestplate":1,"minecraft:andesite":180,"minecraft:mossy_stone_bricks":2,"thalassophobia:tooth":8,"minecraft:oak_sapling":38,"minecraft:spider_eye":2,"minecraft:stone_bricks":3,"minecraft:bow":7,"minecraft:stone_pickaxe":6,"minecraft:wooden_pickaxe":3,"minecraft:brick":9},"minecraft:mined":{"minecraft:stone_pressure_plate":1,"minecraft:white_bed":11,"minecraft:oak_sapling":1,"minecraft:sculk_vein":8,"netherexp:fossil_fuel_ore":2,"minecraft:obsidian":69,"minecraft:granite":44,"minecraft:grass_block":2284,"minecraft:jungle_log":9,"minecraft:coal_block":2,"minecraft:oxeye_daisy":3,"minecraft:spawner":9,"minecraft:magma_block":1,"minecraft:iron_ore":28,"minecraft:cobbled_deepslate":8,"minecraft:fire":11,"minecraft:deepslate_lapis_ore":18,"minecraft:nether_brick_stairs":4,"minecraft:azure_bluet":1,"minecraft:iron_bars":27,"minecraft:black_candle":1,"minecraft:deepslate_redstone_ore":44,"minecraft:quartz_block":3,"minecraft:soul_fire":1,"minecraft:torch":7,"minecraft:blast_furnace":3,"minecraft:poppy":1,"minecraft:melon":7,"cavesanddepths:mudstone":1,"minecraft:nether_quartz_ore":231,"minecraft:cobblestone":80,"minecraft:sugar_cane":6,"minecraft:oak_planks":11,"minecraft:iron_door":1,"minecraft:wall_torch":6,"deep_dark_regrowth:stone_tiles_stairs":4,"cavesanddepths:slate":2,"minecraft:birch_log":7,"minecraft:wheat":27,"netherexp:ecto_soul_sand":2,"netherexp:quartz_crystal":15,"minecraft:stone_brick_stairs":2,"minecraft:grass":354,"minecraft:oak_log":94,"minecraft:beetroots":6,"minecraft:sand":189,"minecraft:dirt":3305,"minecraft:netherrack":463,"minecraft:deepslate":135,"minecraft:nether_gold_ore":19,"minecraft:diamond_ore":1,"minecraft:tuff":13,"iceandfire:silver_ore":6,"deep_dark_regrowth:sculk_soil":4,"minecraft:deepslate_diamond_ore":22,"minecraft:nether_bricks":8,"gravestone:gravestone":32,"cataclysm:stone_tile_stairs":2,"minecraft:large_fern":1,"minecraft:redstone_ore":4,"minecraft:furnace":1,"minecraft:carrots":32,"minecraft:andesite":232,"minecraft:nether_brick_fence":7,"minecraft:mossy_stone_brick_stairs":2,"minecraft:bookshelf":8,"minecraft:potatoes":67,"minecraft:deepslate_iron_ore":31,"minecraft:vine":51,"minecraft:stripped_oak_log":1,"minecraft:stone":5612,"minecraft:redstone_block":5,"netherexp:fossil_ore":2,"minecraft:soul_sand":121,"minecraft:dandelion":25,"minecraft:crafting_table":7,"minecraft:cornflower":2,"minecraft:emerald_ore":5,"graveyard:tg_grass_block":4,"minecraft:tall_grass":63,"minecraft:copper_ore":20,"minecraft:lapis_ore":3,"minecraft:deepslate_gold_ore":44,"minecraft:diorite":1,"netherexp:sorrowsquash_stem_plant":1,"minecraft:birch_planks":4,"minecraft:coal_ore":84,"minecraft:gravel":196,"minecraft:cobweb":8,"minecraft:cracked_stone_bricks":9,"minecraft:stone_bricks":16,"minecraft:mossy_stone_bricks":3,"minecraft:gold_ore":5,"netherexp:soul_magma_block":3,"minecraft:fern":5}},"DataVersion":3465}