{"stats":{"minecraft:crafted":{"minecraft:oak_planks":16,"minecraft:crafting_table":1,"minecraft:spruce_planks":4,"minecraft:stick":4,"minecraft:wooden_pickaxe":1,"minecraft:wooden_axe":1,"minecraft:chest":1},"minecraft:dropped":{"minecraft:wheat_seeds":2},"minecraft:used":{"minecraft:wooden_axe":1,"minecraft:chest":1,"minecraft:wooden_pickaxe":4,"minecraft:crafting_table":4,"minecraft:oak_sapling":1,"minecraft:spruce_stairs":1},"minecraft:picked_up":{"minecraft:stick":1,"minecraft:crafting_table":3,"minecraft:spruce_stairs":1,"minecraft:stripped_spruce_wood":1,"minecraft:oak_log":4,"minecraft:wheat_seeds":2,"minecraft:oak_sapling":6,"minecraft:chest":1,"minecraft:cobblestone":3},"minecraft:custom":{"minecraft:time_since_rest":117,"minecraft:sprint_one_cm":9815,"minecraft:damage_taken":275,"minecraft:walk_one_cm":17632,"minecraft:drop":2,"minecraft:interact_with_crafting_table":6,"minecraft:fly_one_cm":28762,"minecraft:open_chest":12,"minecraft:crouch_one_cm":260,"minecraft:play_time":9463,"minecraft:deaths":1,"minecraft:sneak_time":89,"minecraft:walk_under_water_one_cm":561,"minecraft:jump":141,"minecraft:leave_game":5,"minecraft:time_since_death":89,"minecraft:walk_on_water_one_cm":65,"minecraft:total_world_time":9566,"minecraft:fall_one_cm":4246},"minecraft:mined":{"minecraft:spruce_stairs":1,"minecraft:stripped_spruce_wood":1,"minecraft:crafting_table":3,"minecraft:grass":8,"minecraft:oak_log":4,"minecraft:chest":1,"minecraft:tall_grass":9,"minecraft:stone":3,"minecraft:oak_leaves":1},"minecraft:killed_by":{"minecraft:stray":1}},"DataVersion":3465}