{"stats":{"minecraft:crafted":{"minecraft:oak_pressure_plate":2,"minecraft:birch_slab":12,"minecraft:bookshelf":10,"minecraft:cooked_mutton":11,"minecraft:glass":27,"minecraft:quartz_block":66,"vanillaplustools:stone_shovel":7,"minecraft:emerald":3,"minecraft:cooked_porkchop":16,"enchantinginfuser:enchanting_infuser":1,"minecraft:smithing_table":1,"iceandfire:podium_birch":1,"easy_emerald:obsidian_sword":2,"minecraft:iron_pickaxe":4,"minecraft:gold_ingot":40,"deep_dark_regrowth:stone_tiles_stairs":1,"minecraft:stone_shovel":63,"vanillaplustools:stone_hammer":9,"minecraft:bone_meal":335,"easy_emerald:obsidian_leggings":2,"minecraft:stone_pickaxe":88,"easy_emerald:obsidian_head":3,"minecraft:enchanting_table":1,"minecraft:wooden_axe":1,"minecraft:iron_leggings":1,"minecraft:oak_planks":263,"minecraft:barrel":9,"minecraft:cooked_chicken":1,"iceandfire:lectern":1,"minecraft:stone":11,"thalassophobia:cooked_fish_meat":18,"minecraft:iron_boots":2,"minecraft:chest":3,"minecraft:stone_hoe":2,"minecraft:smoker":1,"easy_emerald:obsidian_body":2,"minecraft:oak_slab":18,"minecraft:crafting_table":4,"minecraft:baked_potato":130,"minecraft:wooden_pickaxe":1,"minecraft:iron_helmet":4,"easy_emerald:obsidian_boots":2,"minecraft:birch_planks":68,"minecraft:book":3,"minecraft:iron_chestplate":1,"minecraft:shield":5,"minecraft:birch_fence":18,"minecraft:stick":264,"minecraft:iron_ingot":51,"minecraft:stone_sword":1,"xpbook:xp_tome":2,"minecraft:shears":1,"minecraft:coal":171,"minecraft:furnace":3,"thalassophobia:cooked_crab":1,"minecraft:flint_and_steel":1,"netherexp:cooked_hogham":57,"minecraft:cooked_beef":3,"minecraft:diamond_sword":2,"minecraft:bucket":4,"minecraft:stone_axe":2,"minecraft:air":0,"minecraft:jungle_planks":36,"iceandfire:bestiary":1,"minecraft:raw_gold":256,"minecraft:stonecutter":1,"minecraft:torch":16},"minecraft:dropped":{"minecraft:iron_sword":5,"iceandfire:raw_silver":2,"minecraft:lapis_lazuli":39,"minecraft:glass_bottle":9,"minecraft:crafting_table":1,"minecraft:cooked_porkchop":2,"minecraft:crossbow":1,"minecraft:mossy_stone_brick_stairs":3,"minecraft:cracked_stone_bricks":8,"xpbook:xp_tome":2,"minecraft:light_weighted_pressure_plate":1,"minecraft:emerald":5,"minecraft:dirt":1335,"minecraft:gold_nugget":5,"minecraft:bone_meal":6,"minecraft:bone_block":1,"minecraft:sand":42,"minecraft:iron_pickaxe":5,"magistuarmory:corruptedroundshield":2,"easy_emerald:ruby_juju":1,"minecraft:white_wool":7,"iceandfire:myrmex_resin_jungle":8,"sons_of_sins:flesh_of_demise":2,"minecraft:bone":42,"magistuarmory:rustedchainmail_leggings":5,"minecraft:stone_axe":2,"vanillaplustools:stone_shovel":1,"minecraft:cooked_chicken":2,"minecraft:golden_chestplate":1,"minecraft:cobbled_deepslate":31,"minecraft:obsidian":52,"minecraft:rotten_flesh":133,"minecraft:oak_planks":65,"minecraft:azure_bluet":5,"minecraft:white_bed":1,"easy_emerald:obsidian_sword":1,"minecraft:tipped_arrow":3,"minecraft:leather_leggings":1,"minecraft:spruce_slab":1,"minecraft:stone_brick_stairs":2,"minecraft:iron_ingot":5,"minecraft:wheat_seeds":115,"minecraft:tnt":6,"minecraft:oak_fence":1,"minecraft:iron_helmet":2,"minecraft:cobblestone":1116,"minecraft:apple":2,"minecraft:granite":40,"minecraft:spruce_door":1,"minecraft:chainmail_helmet":1,"minecraft:coal":22,"minecraft:golden_apple":3,"minecraft:polished_andesite":3,"minecraft:oxeye_daisy":3,"minecraft:cobweb":2,"faded_conquest_2:skull_pile":1,"minecraft:golden_carrot":7,"netherexp:hogham":26,"minecraft:wooden_axe":1,"minecraft:diamond_helmet":1,"minecraft:iron_shovel":1,"minecraft:paper":4,"minecraft:string":12,"easy_emerald:obsidian_body":1,"minecraft:moss_carpet":6,"unusualfishmod:raw_hatchetfish":1,"thalassophobia:raw_fish_meat":12,"minecraft:stone_sword":3,"minecraft:bowl":12,"minecraft:deepslate":109,"minecraft:stone_shovel":3,"thalassophobia:fish_scale":5,"iceandfire:myrmex_stinger":2,"minecraft:iron_boots":2,"minecraft:nether_bricks":7,"minecraft:shears":1,"minecraft:diamond_sword":2,"minecraft:potato":34,"minecraft:spruce_trapdoor":1,"minecraft:spruce_planks":16,"minecraft:diamond_pickaxe":2,"easy_emerald:obsidian_bow":1,"minecraft:spider_eye":5,"minecraft:stone_bricks":4,"minecraft:bow":9,"faded_conquest_2:key_of_war":1,"minecraft:nether_brick_stairs":4,"minecraft:spruce_sign":1,"magistuarmory:barbedclub":1,"minecraft:birch_planks":9,"minecraft:soul_sand":45,"minecraft:brown_mushroom":1,"minecraft:dark_oak_stairs":1,"minecraft:oak_log":9,"minecraft:golden_pickaxe":1,"cavesanddepths:mossy_cobbled_deepslate":4,"magistuarmory:rustedcrusader_chestplate":2,"minecraft:leather":14,"minecraft:jungle_planks":1,"magistuarmory:rustednorman_helmet":1,"minecraft:birch_slab":2,"minecraft:flint":9,"minecraft:cobblestone_stairs":1,"minecraft:orange_carpet":3,"minecraft:cornflower":2,"gravestone:obituary":93,"minecraft:cauldron":2,"minecraft:gold_ingot":1,"minecraft:gravel":335,"iceandfire:ghost_sword":1,"minecraft:beetroot":2,"minecraft:cooked_mutton":1,"minecraft:carrot":35,"minecraft:chainmail_chestplate":1,"easy_emerald:amethyst_sword":1,"minecraft:poppy":1,"minecraft:rabbit_hide":1,"minecraft:leather_chestplate":1,"minecraft:gunpowder":7,"travelersbackpack:white_sleeping_bag":2,"faded_conquest_2:dark_bricks":4,"minecraft:beetroot_seeds":14,"faded_conquest_2:clay_pillar":2,"vanillaplustools:stone_hammer":1,"faded_conquest_2:keyof_pestilence":1,"minecraft:chest":4,"minecraft:chainmail_boots":1,"minecraft:iron_bars":12,"minecraft:arrow":19,"netherexp:cooked_hogham":5,"magistuarmory:rustedchainmail_boots":2,"minecraft:quartz":4,"minecraft:splash_potion":2,"minecraft:netherrack":2,"minecraft:oak_slab":16,"minecraft:golden_helmet":3,"minecraft:mossy_cobblestone":1,"minecraft:diamond_leggings":1,"minecraft:poisonous_potato":1,"minecraft:spectral_arrow":6,"magistuarmory:rustedgreathelm":1,"minecraft:stick":30,"minecraft:diorite":2,"cavesanddepths:lush_fruit":1,"minecraft:torch":47,"iceandfire:myrmex_jungle_biolight":8,"minecraft:melon_slice":52,"minecraft:iron_leggings":2,"easy_emerald:amethyst_juju":1,"minecraft:polished_andesite_stairs":1,"minecraft:bucket":1,"minecraft:redstone_block":1,"minecraft:dandelion":33,"minecraft:redstone":26,"minecraft:coarse_dirt":9,"minecraft:raw_copper":17,"cavesanddepths:chert":1,"minecraft:tuff":21,"iceandfire:witherbone":9,"minecraft:raw_iron":14,"iceandfire:troll_weapon_hammer":1,"minecraft:shield":9,"magistuarmory:rustedchainmail_helmet":1,"minecraft:iron_chestplate":1,"minecraft:andesite":190,"minecraft:mossy_stone_bricks":2,"minecraft:golden_leggings":1,"minecraft:oak_sapling":38,"thalassophobia:tooth":24,"minecraft:stone_pickaxe":7,"minecraft:wooden_pickaxe":3,"minecraft:calcite":1,"minecraft:brick":9},"minecraft:mined":{"minecraft:dark_oak_planks":8,"minecraft:white_bed":11,"minecraft:obsidian":80,"minecraft:granite":63,"minecraft:jungle_log":9,"minecraft:coal_block":14,"minecraft:oxeye_daisy":3,"minecraft:chiseled_stone_bricks":1,"minecraft:spawner":22,"minecraft:magma_block":2,"minecraft:cobbled_deepslate":8,"minecraft:fire":25,"graveyard:ossuary":4,"minecraft:deepslate_lapis_ore":18,"minecraft:nether_brick_stairs":4,"minecraft:enchanting_table":2,"minecraft:oak_stairs":1,"minecraft:soul_fire":1,"faded_conquest_2:skull_pile":3,"minecraft:torch":12,"minecraft:blast_furnace":3,"minecraft:melon":9,"minecraft:polished_andesite_stairs":1,"minecraft:sugar_cane":6,"minecraft:amethyst_block":221,"minecraft:skeleton_skull":3,"minecraft:wheat":27,"netherexp:quartz_crystal":15,"minecraft:stone_brick_stairs":4,"minecraft:grass":368,"minecraft:smooth_basalt":5,"minecraft:deepslate":295,"iceandfire:silver_ore":7,"minecraft:mossy_cobblestone":6,"minecraft:nether_bricks":17,"cataclysm:stone_tile_stairs":2,"faded_conquest_2:mysterious_crown":1,"minecraft:black_stained_glass_pane":1,"minecraft:redstone_ore":4,"minecraft:andesite":263,"minecraft:mossy_stone_brick_stairs":2,"minecraft:potatoes":99,"minecraft:vine":57,"minecraft:bamboo":1,"minecraft:bone_block":1,"minecraft:redstone_block":5,"cavesanddepths:chert":12,"minecraft:soul_sand":122,"minecraft:dandelion":25,"minecraft:cornflower":2,"minecraft:emerald_ore":5,"minecraft:tall_grass":64,"minecraft:copper_ore":21,"minecraft:deepslate_gold_ore":44,"minecraft:diorite":55,"betterarcheology:loot_vase_creeper":1,"minecraft:gravel":212,"minecraft:cobweb":8,"minecraft:stone_bricks":22,"cavesanddepths:mossy_deepslate":7,"minecraft:gold_ore":5,"minecraft:fern":6,"minecraft:large_amethyst_bud":1,"minecraft:stone_pressure_plate":1,"minecraft:spruce_planks":5,"minecraft:oak_sapling":1,"minecraft:sculk_vein":8,"netherexp:fossil_fuel_ore":2,"minecraft:brewing_stand":1,"minecraft:spruce_trapdoor":1,"minecraft:budding_amethyst":23,"minecraft:grass_block":2286,"cavesanddepths:lush_fruit_stem":1,"minecraft:iron_ore":32,"minecraft:azure_bluet":1,"minecraft:iron_bars":45,"minecraft:black_candle":1,"minecraft:deepslate_redstone_ore":44,"minecraft:quartz_block":8,"iceandfire:myrmex_resin_jungle":3,"minecraft:clay":10,"minecraft:calcite":185,"minecraft:poppy":1,"cavesanddepths:mudstone":1,"minecraft:nether_quartz_ore":231,"minecraft:cobblestone":110,"minecraft:oak_planks":20,"minecraft:iron_door":2,"minecraft:wall_torch":7,"minecraft:seagrass":1,"deep_dark_regrowth:stone_tiles_stairs":4,"cavesanddepths:slate":84,"minecraft:birch_log":7,"netherexp:ecto_soul_sand":2,"minecraft:tnt":2,"faded_conquest_2:dark_bricks":6,"minecraft:oak_log":95,"minecraft:beetroots":6,"minecraft:sand":195,"minecraft:dirt":3320,"minecraft:netherrack":480,"faded_conquest_2:clay_pillar":2,"minecraft:nether_gold_ore":19,"minecraft:diamond_ore":1,"minecraft:crying_obsidian":3,"minecraft:tuff":19,"deep_dark_regrowth:sculk_soil":4,"minecraft:deepslate_diamond_ore":26,"minecraft:gray_stained_glass_pane":1,"gravestone:gravestone":87,"minecraft:decorated_pot":2,"minecraft:large_fern":2,"minecraft:furnace":1,"minecraft:carrots":42,"minecraft:raw_gold_block":55,"minecraft:polished_basalt":1,"cavesanddepths:mossy_cobblestone":7,"minecraft:gold_block":2,"minecraft:nether_brick_fence":7,"minecraft:bookshelf":11,"minecraft:deepslate_iron_ore":32,"minecraft:stripped_oak_log":1,"minecraft:stone":5842,"netherexp:fossil_ore":2,"minecraft:basalt":1,"minecraft:crafting_table":7,"minecraft:lectern":4,"graveyard:tg_grass_block":4,"minecraft:lapis_ore":3,"minecraft:sculk":1,"netherexp:sorrowsquash_stem_plant":1,"minecraft:spruce_stairs":1,"minecraft:birch_planks":4,"minecraft:coal_ore":85,"minecraft:cracked_stone_bricks":29,"minecraft:polished_andesite":34,"minecraft:mossy_stone_bricks":9,"netherexp:soul_magma_block":3},"minecraft:custom":{"minecraft:interact_with_crafting_table":139,"minecraft:open_barrel":261,"goblintraders:trade_with_goblin":2,"minecraft:leave_game":17,"minecraft:time_since_death":39530,"minecraft:damage_blocked_by_shield":25605,"minecraft:play_time":1110969,"minecraft:deaths":82,"minecraft:jump":11087,"minecraft:enchant_item":2,"minecraft:interact_with_furnace":72,"minecraft:traded_with_villager":1,"minecraft:sleep_in_bed":38,"minecraft:damage_dealt":71033,"minecraft:interact_with_smoker":57,"minecraft:interact_with_smithing_table":7,"minecraft:interact_with_anvil":9,"minecraft:sneak_time":40416,"minecraft:interact_with_blast_furnace":52,"minecraft:total_world_time":1110969,"minecraft:interact_with_stonecutter":7,"minecraft:time_since_rest":39564,"minecraft:swim_one_cm":77731,"minecraft:fly_one_cm":2005180,"minecraft:open_chest":508,"minecraft:fall_one_cm":240754,"minecraft:sprint_one_cm":1741581,"minecraft:drop":701,"minecraft:talked_to_villager":15,"minecraft:interact_with_brewingstand":1,"minecraft:walk_on_water_one_cm":182170,"minecraft:crouch_one_cm":102257,"minecraft:mob_kills":385,"minecraft:damage_dealt_resisted":25648,"minecraft:climb_one_cm":12148,"minecraft:walk_one_cm":3609034,"minecraft:walk_under_water_one_cm":105192,"spartanshields:shield_bash_hits":22,"minecraft:damage_taken":46901,"minecraft:damage_absorbed":508,"minecraft:trigger_trapped_chest":2},"minecraft:broken":{"minecraft:iron_boots":1,"minecraft:iron_chestplate":2,"easy_emerald:obsidian_body":1,"minecraft:iron_sword":2,"minecraft:leather_helmet":1,"easy_emerald:amethyst_head":1,"minecraft:shield":9,"vanillaplustools:stone_hammer":8,"minecraft:iron_pickaxe":3,"minecraft:iron_helmet":1,"vanillaplustools:stone_shovel":6,"easy_emerald:obsidian_leggings":1,"easy_emerald:obsidian_head":2,"easy_emerald:obsidian_boots":1,"minecraft:stone_pickaxe":4,"minecraft:golden_chestplate":1},"minecraft:killed_by":{"minecraft:piglin_brute":3,"minecraft:zombie":9,"minecraft:husk":3,"minecraft:stray":10,"thalassophobia:megapiranha":4,"minecraft:wither_skeleton":10,"minecraft:creeper":5,"graveyard:skeleton_creeper":1,"iceandfire:myrmex_queen":1,"iceandfire:fire_dragon":7,"minecraft:player":6,"minecraft:enderman":1,"faded_conquest_2:faded_king":2,"minecraft:hoglin":3,"minecraft:skeleton":6,"faded_conquest_2:the_plauge_bringer":2},"minecraft:used":{"iceandfire:lectern":1,"minecraft:beetroot":1,"minecraft:chest":1,"minecraft:soul_sand":76,"minecraft:lava_bucket":4,"minecraft:birch_sapling":2,"minecraft:rabbit_stew":1,"minecraft:bow":3,"minecraft:furnace":3,"minecraft:oak_sapling":4,"minecraft:potato":148,"iceandfire:troll_weapon_hammer":2,"minecraft:wooden_pickaxe":17,"minecraft:mossy_stone_brick_stairs":1,"minecraft:golden_apple":14,"minecraft:sand":3,"minecraft:blast_furnace":3,"minecraft:birch_fence":18,"minecraft:lectern":4,"minecraft:oak_pressure_plate":2,"iceandfire:myrmex_resin_jungle":1,"minecraft:diamond_sword":246,"sons_of_sins:flesh_of_demise":1,"minecraft:smithing_table":1,"minecraft:enchanting_table":2,"minecraft:iron_bars":14,"vanillaplustools:stone_hammer":1093,"minecraft:netherrack":171,"minecraft:torch":168,"minecraft:brewing_stand":1,"minecraft:mossy_cobblestone_stairs":1,"minecraft:light_weighted_pressure_plate":1,"thalassophobia:cooked_crab":1,"minecraft:barrel":9,"minecraft:smooth_basalt":5,"cavesanddepths:cobbled_slate":2,"iceandfire:podium_birch":1,"minecraft:cobbled_deepslate":62,"minecraft:wheat_seeds":40,"minecraft:water_bucket":62,"minecraft:birch_planks":6,"faded_conquest_2:dark_bricks":2,"graveyard:ossuary":3,"minecraft:crafting_table":11,"minecraft:tnt":6,"deep_dark_regrowth:sculk_soil":2,"vanillaplustools:stone_shovel":954,"minecraft:white_bed":12,"easy_emerald:obsidian_sword":334,"cataclysm:stone_tile_stairs":2,"minecraft:oak_log":1,"minecraft:diamond_pickaxe":1118,"minecraft:diamond_shovel":25,"netherexp:cooked_hogham":64,"minecraft:suspicious_stew":3,"minecraft:iron_pickaxe":784,"iceandfire:myrmex_jungle_egg":3,"enchantinginfuser:enchanting_infuser":1,"minecraft:cobblestone":167,"minecraft:potion":1,"travelersbackpack:standard":23,"easy_emerald:obsidian_bow":151,"minecraft:cooked_porkchop":16,"minecraft:iron_shovel":28,"minecraft:bone_block":1,"cavesanddepths:mossy_cobbled_deepslate":1,"minecraft:decorated_pot":1,"minecraft:shield":370,"minecraft:iron_sword":630,"easy_emerald:amethyst_sword":731,"minecraft:nether_bricks":3,"minecraft:carrot":72,"minecraft:tuff":7,"minecraft:obsidian":14,"minecraft:iron_helmet":1,"minecraft:stone_bricks":4,"minecraft:golden_sword":1,"minecraft:beetroot_seeds":10,"minecraft:stone_pickaxe":512,"minecraft:oak_planks":42,"minecraft:sugar_cane":17,"easy_villagers:villager":3,"minecraft:bread":60,"minecraft:melon_slice":50,"minecraft:string":1,"easy_emerald:amethyst_head":1,"minecraft:deepslate":21,"minecraft:iron_door":1,"minecraft:golden_helmet":1,"minecraft:andesite":1,"minecraft:bone_meal":238,"netherexp:sorrowsquash":1,"minecraft:flint_and_steel":7,"minecraft:stone_shovel":114,"minecraft:spruce_planks":10,"minecraft:wooden_shovel":7,"minecraft:stone_hoe":42,"minecraft:dirt":6687,"minecraft:wooden_axe":11,"minecraft:bookshelf":10,"deep_dark_regrowth:stone_tiles_stairs":4,"minecraft:iron_boots":2,"minecraft:golden_carrot":19,"thalassophobia:cooked_fish_meat":18,"minecraft:stone_pressure_plate":2,"minecraft:cooked_beef":3,"thalassophobia:raw_fish_meat":2,"minecraft:cooked_mutton":11,"minecraft:polished_andesite":1,"minecraft:baked_potato":121,"minecraft:stonecutter":1,"magistuarmory:barbedclub":3,"minecraft:smoker":1,"minecraft:apple":20,"minecraft:stone_axe":169,"minecraft:bucket":68},"minecraft:picked_up":{"minecraft:iron_chestplate":3,"minecraft:chainmail_boots":1,"minecraft:suspicious_stew":1,"minecraft:diamond_sword":1,"minecraft:oak_stairs":1,"netherexp:hogham":31,"thalassophobia:tooth":24,"minecraft:brewing_stand":1,"minecraft:amethyst_block":317,"minecraft:string":42,"minecraft:beetroot":7,"easy_emerald:amethyst_head":1,"minecraft:diamond_leggings":1,"minecraft:cobbled_deepslate":155,"minecraft:gold_nugget":83,"minecraft:spruce_planks":15,"minecraft:coal_block":14,"minecraft:melon_slice":50,"iceandfire:ghost_sword":1,"minecraft:golden_helmet":5,"minecraft:golden_axe":1,"magistuarmory:rustedcrusader_chestplate":4,"minecraft:golden_chestplate":2,"minecraft:cauldron":2,"netherexp:cooked_hogham":12,"minecraft:stone_sword":2,"minecraft:tropical_fish":3,"faded_conquest_2:skull_pile":4,"thalassophobia:raw_crab":2,"minecraft:iron_bars":32,"minecraft:birch_log":17,"minecraft:cooked_beef":3,"magistuarmory:rustedchainmail_boots":2,"minecraft:iron_door":1,"minecraft:water_bucket":1,"minecraft:birch_slab":4,"minecraft:jungle_log":9,"minecraft:flint":28,"faded_conquest_2:keyof_pestilence":1,"unusualfishmod:raw_hatchetfish":1,"easy_emerald:amethyst_body":1,"iceandfire:myrmex_stinger":3,"minecraft:polished_andesite":5,"minecraft:deepslate":133,"minecraft:granite":40,"minecraft:bread":6,"minecraft:chainmail_helmet":3,"iceandfire:raw_silver":2,"minecraft:diamond_pickaxe":2,"minecraft:crafting_table":8,"minecraft:coarse_dirt":5,"iceandfire:witherbone":20,"cataclysm:stone_tile_stairs":2,"minecraft:leather_leggings":1,"gravestone:obituary":31,"minecraft:cornflower":2,"deep_dark_regrowth:stone_tiles_stairs":4,"minecraft:cracked_stone_bricks":8,"minecraft:beef":3,"netherexp:soul_magma_block":3,"minecraft:poppy":1,"minecraft:spruce_slab":1,"minecraft:chest":2,"minecraft:birch_sapling":2,"minecraft:raw_gold_block":118,"minecraft:carrot":145,"minecraft:redstone":244,"minecraft:tnt":12,"minecraft:decorated_pot":1,"minecraft:beetroot_seeds":24,"cavesanddepths:cobbled_slate":2,"minecraft:gold_ingot":5,"netherexp:sorrowsquash":1,"minecraft:mutton":8,"cavesanddepths:lush_fruit":1,"minecraft:white_wool":5,"minecraft:bone_block":3,"minecraft:oxeye_daisy":4,"minecraft:stripped_oak_log":1,"magistuarmory:rustedhalfarmor_chestplate":1,"faded_conquest_2:dark_bricks":6,"minecraft:red_mushroom":1,"minecraft:oak_log":120,"iceandfire:myrmex_resin_jungle":9,"faded_conquest_2:clay_pillar":2,"minecraft:apple":8,"minecraft:stone_bricks":9,"minecraft:stone_pickaxe":6,"minecraft:cobweb":2,"cavesanddepths:mossy_cobbled_deepslate":5,"minecraft:glass_bottle":8,"minecraft:iron_sword":3,"minecraft:polished_andesite_stairs":1,"minecraft:smooth_basalt":5,"minecraft:sweet_berries":10,"graveyard:ossuary":4,"minecraft:gravel":334,"magistuarmory:rustednorman_helmet":3,"magistuarmory:rustedchainmail_leggings":8,"minecraft:crying_obsidian":3,"minecraft:leather_helmet":2,"travelersbackpack:standard":1,"minecraft:diamond_shovel":3,"minecraft:slime_ball":2,"minecraft:stone_axe":1,"iceandfire:myrmex_jungle_egg":5,"minecraft:ender_pearl":2,"minecraft:wheat":26,"faded_conquest_2:key_of_war":1,"minecraft:redstone_block":6,"iceandfire:troll_weapon_hammer":2,"easy_emerald:ruby_juju":1,"minecraft:stone_brick_stairs":4,"minecraft:raw_copper":66,"minecraft:iron_leggings":3,"cavesanddepths:chert":1,"minecraft:bucket":1,"minecraft:light_weighted_pressure_plate":3,"easy_emerald:amethyst_juju":1,"minecraft:calcite":178,"easy_emerald:amethyst_boots":1,"minecraft:iron_pickaxe":4,"netherexp:fossil_fuel":2,"minecraft:furnace":1,"minecraft:iron_boots":3,"minecraft:tipped_arrow":21,"minecraft:stick":52,"minecraft:oak_fence":1,"minecraft:torch":34,"minecraft:spruce_stairs":1,"minecraft:porkchop":11,"minecraft:diorite":2,"easy_emerald:amethyst_leggings":1,"minecraft:quartz_block":3,"minecraft:rotten_flesh":177,"minecraft:obsidian":128,"minecraft:cobblestone":6595,"minecraft:enchanting_table":2,"minecraft:orange_carpet":3,"minecraft:andesite":245,"minecraft:golden_leggings":4,"easy_emerald:amethyst_sword":1,"minecraft:potato":360,"minecraft:tuff":28,"minecraft:dirt":8985,"minecraft:lapis_lazuli":127,"minecraft:bone":174,"minecraft:bow":10,"minecraft:wheat_seeds":190,"minecraft:raw_gold":54,"easy_emerald:obsidian_bow":2,"minecraft:mossy_stone_bricks":4,"minecraft:bamboo":14,"minecraft:oak_planks":139,"minecraft:mossy_stone_brick_stairs":4,"minecraft:poisonous_potato":1,"minecraft:sand":235,"minecraft:nether_brick_stairs":5,"magistuarmory:rustedgreathelm":1,"sons_of_sins:flesh_of_demise":4,"minecraft:mossy_cobblestone":3,"minecraft:diamond":43,"magistuarmory:corruptedroundshield":3,"minecraft:golden_apple":16,"minecraft:crossbow":1,"minecraft:bone_meal":11,"iceandfire:myrmex_jungle_biolight":8,"minecraft:spruce_sign":1,"minecraft:emerald":5,"minecraft:oak_sapling":48,"minecraft:netherrack":220,"minecraft:azure_bluet":5,"minecraft:splash_potion":2,"magistuarmory:barbedclub":1,"minecraft:brown_mushroom":1,"minecraft:wooden_pickaxe":1,"minecraft:gold_block":1,"minecraft:shield":6,"minecraft:brick":9,"minecraft:moss_carpet":7,"minecraft:iron_axe":1,"deep_dark_regrowth:sculk_soil":3,"minecraft:lectern":4,"minecraft:sugar_cane":25,"minecraft:spruce_trapdoor":1,"thalassophobia:raw_fish_meat":49,"minecraft:raw_iron":59,"iceandfire:dragonbone":3,"minecraft:bowl":8,"magistuarmory:rustedkettlehat":1,"minecraft:stone_pressure_plate":2,"minecraft:arrow":130,"minecraft:nether_bricks":10,"thalassophobia:fish_scale":12,"minecraft:skeleton_skull":3,"minecraft:golden_carrot":39,"minecraft:leather":9,"minecraft:birch_planks":19,"minecraft:chainmail_chestplate":2,"minecraft:gunpowder":13,"minecraft:cobblestone_stairs":1,"minecraft:red_carpet":5,"minecraft:rabbit_hide":1,"minecraft:iron_ingot":2,"iceandfire:fire_dragon_flesh":2,"minecraft:soul_sand":122,"minecraft:book":33,"minecraft:oak_slab":16,"minecraft:black_candle":4,"magistuarmory:rustedchainmail_chestplate":2,"minecraft:quartz":270,"minecraft:dandelion":33,"minecraft:amethyst_shard":2,"minecraft:blast_furnace":3,"minecraft:white_bed":10,"minecraft:spruce_door":1,"minecraft:spider_eye":7,"magistuarmory:rustedchainmail_helmet":1,"xpbook:xp_tome":1,"magistuarmory:rusted_bastardsword":1,"minecraft:chainmail_leggings":1,"magistuarmory:rustedcrusader_boots":1,"minecraft:iron_helmet":3,"minecraft:mossy_cobblestone_stairs":1,"minecraft:coal":112},"minecraft:killed":{"minecraft:cave_spider":16,"minecraft:skeleton":52,"iceandfire:myrmex_worker":3,"minecraft:pillager":3,"minecraft:zombie":116,"unusualfishmod:hatchet_fish":4,"minecraft:cow":2,"faded_conquest_2:faded_king":1,"thalassophobia:megapiranha":18,"minecraft:husk":2,"graveyard:ghoul":4,"iceandfire:ghost":3,"minecraft:enderman":2,"faded_conquest_2:summoned_spider":1,"graveyard:skeleton_creeper":1,"minecraft:spider":27,"faded_conquest_2:demon":3,"minecraft:silverfish":11,"minecraft:piglin_brute":2,"minecraft:piglin":4,"minecraft:pig":5,"minecraft:zombie_villager":2,"faded_conquest_2:faded_kingp_2":1,"minecraft:creeper":13,"minecraft:sheep":5,"minecraft:stray":40,"iceandfire:pixie":1,"iceandfire:fire_dragon":1,"thalassophobia:crab":1,"minecraft:hoglin":8,"sons_of_sins:betrayed_guzzler":2,"minecraft:wither_skeleton":12}},"DataVersion":3465}