{"stats":{"minecraft:picked_up":{"minecraft:crafting_table":2,"minecraft:golden_carrot":5,"minecraft:sweet_berries":10,"minecraft:jungle_log":9,"minecraft:porkchop":1,"minecraft:oak_log":3,"minecraft:white_bed":2,"minecraft:dirt":2,"minecraft:iron_axe":1,"minecraft:wheat_seeds":1,"minecraft:bread":6,"minecraft:melon_slice":44,"minecraft:sugar_cane":8,"minecraft:mutton":7,"minecraft:white_wool":4,"minecraft:cobblestone":15},"minecraft:crafted":{"minecraft:oak_planks":12,"minecraft:crafting_table":1,"minecraft:stick":8,"minecraft:wooden_pickaxe":1,"minecraft:wooden_axe":1,"minecraft:stone_axe":1,"minecraft:jungle_planks":36},"minecraft:mined":{"minecraft:large_fern":1,"minecraft:white_bed":3,"minecraft:crafting_table":2,"gravestone:gravestone":2,"minecraft:grass":7,"minecraft:grass_block":2,"minecraft:oak_log":3,"minecraft:melon":7,"minecraft:jungle_log":9,"minecraft:tall_grass":1,"minecraft:cobblestone":11,"minecraft:stone":4,"minecraft:sugar_cane":3,"minecraft:fern":3},"minecraft:used":{"minecraft:wooden_axe":11,"minecraft:bread":6,"minecraft:suspicious_stew":2,"minecraft:wooden_pickaxe":15,"minecraft:iron_sword":31,"minecraft:stone_axe":1,"minecraft:rabbit_stew":1,"minecraft:dirt":2,"minecraft:cobblestone":7,"minecraft:crafting_table":2,"minecraft:white_bed":3},"minecraft:custom":{"minecraft:time_since_rest":762,"minecraft:sprint_one_cm":49626,"minecraft:damage_taken":1340,"minecraft:walk_one_cm":65591,"minecraft:mob_kills":7,"minecraft:drop":5,"minecraft:damage_dealt":896,"minecraft:interact_with_crafting_table":3,"minecraft:fly_one_cm":67994,"minecraft:open_chest":7,"minecraft:play_time":17145,"minecraft:deaths":3,"minecraft:sneak_time":20,"minecraft:walk_under_water_one_cm":155,"minecraft:jump":360,"minecraft:walk_on_water_one_cm":4750,"minecraft:time_since_death":2429,"minecraft:sleep_in_bed":2,"minecraft:climb_one_cm":1170,"minecraft:total_world_time":17145,"minecraft:fall_one_cm":12662},"minecraft:killed_by":{"minecraft:husk":3},"minecraft:killed":{"minecraft:sheep":4,"minecraft:husk":2,"minecraft:pig":1},"minecraft:dropped":{"minecraft:wheat_seeds":1,"minecraft:bowl":1,"minecraft:wooden_axe":1,"gravestone:obituary":1,"minecraft:white_bed":1}},"DataVersion":3465}