{"stats":{"minecraft:crafted":{"minecraft:oak_pressure_plate":2,"minecraft:birch_slab":12,"minecraft:bookshelf":10,"minecraft:cooked_mutton":27,"minecraft:glass":27,"minecraft:quartz_block":66,"vanillaplustools:stone_shovel":7,"minecraft:emerald":25,"minecraft:cooked_porkchop":16,"enchantinginfuser:enchanting_infuser":1,"minecraft:smithing_table":1,"iceandfire:podium_birch":1,"easy_emerald:obsidian_sword":2,"minecraft:iron_pickaxe":4,"minecraft:gold_ingot":40,"deep_dark_regrowth:stone_tiles_stairs":1,"minecraft:stone_shovel":63,"vanillaplustools:stone_hammer":9,"minecraft:bone_meal":335,"easy_emerald:obsidian_leggings":2,"minecraft:stone_pickaxe":88,"easy_emerald:obsidian_head":3,"minecraft:enchanting_table":1,"minecraft:enchanted_book":2,"minecraft:wooden_axe":1,"minecraft:iron_leggings":3,"minecraft:grindstone":1,"minecraft:oak_planks":335,"minecraft:barrel":10,"minecraft:cooked_chicken":1,"iceandfire:lectern":1,"minecraft:stone":11,"thalassophobia:cooked_fish_meat":18,"minecraft:iron_boots":4,"minecraft:chest":3,"minecraft:stone_hoe":2,"minecraft:smoker":1,"easy_emerald:obsidian_body":2,"minecraft:oak_slab":24,"minecraft:crafting_table":7,"minecraft:spruce_planks":56,"minecraft:iron_helmet":6,"minecraft:wooden_pickaxe":1,"minecraft:baked_potato":130,"easy_emerald:obsidian_boots":2,"minecraft:birch_planks":68,"minecraft:book":3,"minecraft:iron_chestplate":3,"minecraft:shield":7,"minecraft:birch_fence":18,"minecraft:stick":264,"minecraft:iron_ingot":51,"minecraft:stone_sword":1,"xpbook:xp_tome":2,"minecraft:shears":1,"minecraft:coal":315,"minecraft:furnace":3,"eyesoficeandfire:eye_of_ice_dragon":1,"thalassophobia:cooked_crab":1,"minecraft:flint_and_steel":1,"netherexp:cooked_hogham":57,"minecraft:cooked_beef":3,"minecraft:diamond_sword":2,"minecraft:bucket":4,"minecraft:stone_axe":2,"minecraft:air":0,"minecraft:jungle_planks":36,"iceandfire:bestiary":1,"minecraft:raw_gold":256,"minecraft:stonecutter":1,"minecraft:torch":32},"minecraft:dropped":{"minecraft:iron_sword":5,"iceandfire:raw_silver":2,"minecraft:lapis_lazuli":39,"minecraft:glass_bottle":9,"minecraft:crafting_table":1,"minecraft:cooked_porkchop":2,"minecraft:crossbow":1,"minecraft:mossy_stone_brick_stairs":3,"minecraft:cracked_stone_bricks":11,"xpbook:xp_tome":2,"minecraft:emerald":5,"minecraft:light_weighted_pressure_plate":2,"minecraft:dirt":1336,"iceandfire:dread_sword":1,"magistuarmory:rusted_bastardsword":1,"minecraft:gold_nugget":11,"minecraft:bone_block":1,"minecraft:bone_meal":6,"minecraft:sand":58,"magistuarmory:corruptedroundshield":2,"minecraft:iron_pickaxe":5,"easy_emerald:ruby_juju":1,"iceandfire:myrmex_resin_jungle":8,"minecraft:white_wool":7,"sons_of_sins:flesh_of_demise":2,"minecraft:bone":46,"magistuarmory:rustedchainmail_leggings":5,"minecraft:stone_axe":3,"vanillaplustools:stone_shovel":1,"minecraft:cooked_chicken":2,"minecraft:golden_chestplate":1,"minecraft:cobbled_deepslate":31,"minecraft:obsidian":52,"minecraft:rotten_flesh":142,"minecraft:grindstone":1,"minecraft:oak_planks":66,"minecraft:azure_bluet":5,"minecraft:white_bed":1,"easy_emerald:obsidian_sword":1,"minecraft:tipped_arrow":3,"minecraft:leather_leggings":1,"minecraft:spruce_slab":1,"minecraft:stone_brick_stairs":2,"iceandfire:manuscript":35,"minecraft:enchanted_book":1,"minecraft:iron_ingot":5,"minecraft:wheat_seeds":115,"minecraft:tnt":6,"minecraft:oak_fence":1,"minecraft:iron_helmet":4,"minecraft:cobblestone":1118,"minecraft:apple":2,"minecraft:granite":40,"minecraft:spruce_door":1,"minecraft:chainmail_helmet":2,"minecraft:coal":27,"minecraft:golden_apple":3,"minecraft:polished_andesite":8,"magistuarmory:rustedcrusader_boots":2,"minecraft:oxeye_daisy":3,"minecraft:cobweb":2,"faded_conquest_2:skull_pile":1,"minecraft:golden_carrot":7,"netherexp:hogham":26,"minecraft:wooden_axe":1,"minecraft:diamond_helmet":1,"magistuarmory:rustedbarbute":1,"minecraft:iron_shovel":1,"minecraft:paper":17,"minecraft:string":19,"easy_emerald:obsidian_body":1,"minecraft:moss_carpet":13,"unusualfishmod:raw_hatchetfish":1,"thalassophobia:raw_fish_meat":14,"minecraft:stone_sword":3,"minecraft:bowl":12,"minecraft:deepslate":109,"minecraft:stone_shovel":3,"thalassophobia:fish_scale":5,"iceandfire:myrmex_stinger":2,"minecraft:iron_boots":4,"minecraft:nether_bricks":7,"minecraft:shears":1,"minecraft:diamond_sword":2,"minecraft:potato":34,"minecraft:spruce_trapdoor":1,"minecraft:spruce_planks":67,"minecraft:diamond_pickaxe":3,"easy_emerald:obsidian_bow":1,"minecraft:spider_eye":7,"minecraft:stone_bricks":4,"minecraft:bow":9,"faded_conquest_2:key_of_war":1,"minecraft:nether_brick_stairs":4,"minecraft:spruce_sign":1,"magistuarmory:barbedclub":1,"minecraft:birch_planks":9,"minecraft:soul_sand":45,"minecraft:brown_mushroom":1,"minecraft:dark_oak_stairs":1,"minecraft:oak_log":9,"minecraft:golden_pickaxe":1,"cavesanddepths:mossy_cobbled_deepslate":4,"magistuarmory:rustedcrusader_chestplate":2,"minecraft:leather":14,"minecraft:jungle_planks":1,"iceandfire:dread_stone_bricks_cracked":1,"magistuarmory:rustednorman_helmet":1,"minecraft:birch_slab":2,"minecraft:flint":9,"minecraft:cobblestone_stairs":1,"minecraft:orange_carpet":3,"minecraft:cornflower":2,"gravestone:obituary":128,"iceandfire:ash":1,"minecraft:cauldron":2,"minecraft:gold_ingot":1,"minecraft:gravel":335,"iceandfire:ghost_sword":1,"minecraft:beetroot":2,"minecraft:cooked_mutton":1,"minecraft:carrot":35,"minecraft:chainmail_chestplate":1,"easy_emerald:amethyst_sword":1,"minecraft:poppy":1,"minecraft:rabbit_hide":1,"minecraft:leather_chestplate":1,"minecraft:gunpowder":8,"travelersbackpack:white_sleeping_bag":2,"faded_conquest_2:dark_bricks":4,"minecraft:beetroot_seeds":14,"faded_conquest_2:clay_pillar":2,"minecraft:chainmail_boots":1,"faded_conquest_2:keyof_pestilence":1,"minecraft:chest":4,"vanillaplustools:stone_hammer":1,"minecraft:iron_bars":14,"minecraft:arrow":19,"netherexp:cooked_hogham":5,"magistuarmory:rustedchainmail_boots":2,"minecraft:quartz":4,"minecraft:splash_potion":2,"minecraft:netherrack":2,"minecraft:water_bucket":1,"minecraft:oak_slab":20,"minecraft:golden_helmet":3,"minecraft:mossy_cobblestone":1,"minecraft:diamond_leggings":1,"minecraft:poisonous_potato":1,"minecraft:spectral_arrow":6,"magistuarmory:rustedgreathelm":1,"minecraft:stick":85,"minecraft:diorite":2,"cavesanddepths:lush_fruit":1,"minecraft:torch":47,"iceandfire:myrmex_jungle_biolight":8,"minecraft:melon_slice":52,"minecraft:iron_leggings":3,"minecraft:polished_andesite_stairs":2,"easy_emerald:amethyst_juju":1,"minecraft:bucket":3,"minecraft:redstone_block":1,"minecraft:dandelion":33,"minecraft:smooth_basalt":4,"minecraft:redstone":26,"minecraft:coarse_dirt":9,"minecraft:raw_copper":17,"cavesanddepths:chert":1,"minecraft:tuff":21,"iceandfire:witherbone":9,"minecraft:raw_iron":14,"iceandfire:troll_weapon_hammer":1,"minecraft:shield":9,"magistuarmory:rustedchainmail_helmet":1,"minecraft:diamond_chestplate":1,"minecraft:iron_chestplate":2,"minecraft:andesite":190,"minecraft:mossy_stone_bricks":2,"minecraft:golden_leggings":1,"thalassophobia:tooth":27,"minecraft:oak_sapling":47,"minecraft:stone_pickaxe":7,"minecraft:wooden_pickaxe":3,"minecraft:calcite":52,"minecraft:brick":9},"minecraft:mined":{"minecraft:dark_oak_planks":8,"minecraft:white_bed":12,"minecraft:obsidian":80,"minecraft:granite":63,"minecraft:jungle_log":9,"minecraft:coal_block":25,"minecraft:oxeye_daisy":3,"minecraft:chiseled_stone_bricks":1,"minecraft:spawner":22,"minecraft:tall_seagrass":1,"minecraft:magma_block":2,"minecraft:cobbled_deepslate":8,"minecraft:fire":27,"graveyard:ossuary":4,"minecraft:moss_carpet":1,"minecraft:deepslate_lapis_ore":18,"minecraft:nether_brick_stairs":4,"minecraft:enchanting_table":2,"iceandfire:gold_pile":1,"minecraft:oak_stairs":1,"iceandfire:dread_stone_bricks_cracked":10,"minecraft:soul_fire":1,"faded_conquest_2:skull_pile":3,"minecraft:torch":12,"minecraft:blast_furnace":3,"minecraft:melon":9,"minecraft:polished_andesite_stairs":2,"minecraft:sugar_cane":6,"minecraft:amethyst_block":228,"minecraft:skeleton_skull":3,"minecraft:wheat":27,"netherexp:quartz_crystal":15,"minecraft:stone_brick_stairs":4,"minecraft:grass":378,"minecraft:smooth_basalt":8,"minecraft:deepslate":295,"iceandfire:silver_ore":7,"minecraft:mossy_cobblestone":6,"minecraft:nether_bricks":17,"cataclysm:stone_tile_stairs":2,"faded_conquest_2:mysterious_crown":1,"minecraft:black_stained_glass_pane":1,"minecraft:redstone_ore":4,"minecraft:snow":75,"minecraft:andesite":263,"minecraft:mossy_stone_brick_stairs":2,"minecraft:potatoes":99,"minecraft:vine":57,"minecraft:bamboo":1,"minecraft:bone_block":1,"minecraft:white_wool":4,"minecraft:redstone_block":5,"cavesanddepths:chert":12,"minecraft:soul_sand":122,"minecraft:dandelion":25,"minecraft:cornflower":2,"minecraft:emerald_ore":5,"minecraft:tall_grass":66,"minecraft:copper_ore":21,"minecraft:deepslate_gold_ore":44,"minecraft:diorite":55,"betterarcheology:loot_vase_creeper":1,"minecraft:spruce_log":14,"minecraft:gravel":212,"minecraft:cobweb":8,"minecraft:stone_bricks":22,"cavesanddepths:mossy_deepslate":7,"minecraft:gold_ore":5,"minecraft:fern":7,"minecraft:large_amethyst_bud":1,"minecraft:spruce_planks":5,"minecraft:stone_pressure_plate":1,"minecraft:oak_sapling":1,"minecraft:sculk_vein":8,"netherexp:fossil_fuel_ore":2,"minecraft:brewing_stand":2,"minecraft:spruce_trapdoor":1,"minecraft:budding_amethyst":23,"minecraft:grass_block":2286,"iceandfire:dread_spawner":4,"cavesanddepths:lush_fruit_stem":1,"minecraft:iron_ore":32,"minecraft:azure_bluet":1,"minecraft:iron_bars":45,"minecraft:black_candle":1,"minecraft:deepslate_redstone_ore":44,"minecraft:quartz_block":8,"iceandfire:myrmex_resin_jungle":3,"minecraft:clay":10,"minecraft:calcite":243,"minecraft:poppy":1,"cavesanddepths:mudstone":1,"minecraft:nether_quartz_ore":231,"minecraft:cobblestone":112,"minecraft:oak_planks":41,"minecraft:iron_door":2,"minecraft:wall_torch":11,"minecraft:seagrass":2,"deep_dark_regrowth:stone_tiles_stairs":4,"cavesanddepths:slate":84,"minecraft:birch_log":7,"netherexp:ecto_soul_sand":2,"minecraft:tnt":2,"faded_conquest_2:dark_bricks":6,"iceandfire:dread_stone_bricks_mossy":1,"minecraft:oak_log":119,"minecraft:beetroots":6,"minecraft:sand":195,"minecraft:dirt":3335,"minecraft:netherrack":480,"iceandfire:dread_stone_bricks":2,"faded_conquest_2:clay_pillar":2,"minecraft:oak_leaves":1,"minecraft:nether_gold_ore":19,"alexscaves:spelunkery_table":1,"minecraft:diamond_ore":1,"minecraft:crying_obsidian":3,"minecraft:tuff":19,"deep_dark_regrowth:sculk_soil":4,"minecraft:deepslate_diamond_ore":26,"minecraft:gray_stained_glass_pane":1,"gravestone:gravestone":136,"minecraft:decorated_pot":2,"minecraft:large_fern":3,"minecraft:furnace":1,"minecraft:carrots":42,"minecraft:raw_gold_block":55,"minecraft:polished_basalt":1,"cavesanddepths:mossy_cobblestone":7,"minecraft:gold_block":2,"minecraft:nether_brick_fence":7,"minecraft:bookshelf":11,"minecraft:deepslate_iron_ore":32,"minecraft:packed_ice":6,"minecraft:stripped_oak_log":1,"minecraft:stone":5847,"minecraft:podzol":2,"netherexp:fossil_ore":2,"minecraft:basalt":1,"minecraft:crafting_table":8,"iceandfire:dread_stone_slab":1,"minecraft:lectern":9,"graveyard:tg_grass_block":4,"minecraft:lapis_ore":3,"minecraft:sculk":1,"netherexp:sorrowsquash_stem_plant":1,"minecraft:spruce_stairs":1,"minecraft:birch_planks":4,"minecraft:sweet_berry_bush":2,"minecraft:coal_ore":85,"minecraft:cracked_stone_bricks":32,"minecraft:polished_andesite":39,"minecraft:mossy_stone_bricks":9,"netherexp:soul_magma_block":3},"minecraft:custom":{"minecraft:interact_with_crafting_table":153,"minecraft:open_barrel":296,"goblintraders:trade_with_goblin":2,"minecraft:leave_game":19,"minecraft:time_since_death":849,"minecraft:damage_blocked_by_shield":28815,"minecraft:play_time":1247179,"minecraft:deaths":138,"minecraft:jump":12342,"minecraft:enchant_item":3,"minecraft:interact_with_furnace":81,"minecraft:traded_with_villager":25,"minecraft:sleep_in_bed":40,"minecraft:damage_dealt":76223,"minecraft:interact_with_smoker":62,"minecraft:interact_with_smithing_table":7,"minecraft:interact_with_anvil":9,"minecraft:sneak_time":44105,"minecraft:interact_with_blast_furnace":58,"minecraft:total_world_time":1247179,"minecraft:interact_with_stonecutter":8,"minecraft:time_since_rest":877,"minecraft:swim_one_cm":87800,"minecraft:fly_one_cm":2176497,"minecraft:open_chest":595,"minecraft:fall_one_cm":258799,"minecraft:sprint_one_cm":1896972,"minecraft:drop":812,"minecraft:talked_to_villager":27,"minecraft:interact_with_brewingstand":1,"minecraft:walk_on_water_one_cm":243695,"minecraft:interact_with_loom":1,"minecraft:player_kills":2,"minecraft:crouch_one_cm":108660,"minecraft:mob_kills":586,"minecraft:damage_dealt_resisted":25648,"minecraft:climb_one_cm":12567,"minecraft:walk_one_cm":3970026,"minecraft:walk_under_water_one_cm":163109,"spartanshields:shield_bash_hits":26,"minecraft:damage_taken":2147483647,"minecraft:damage_absorbed":508,"minecraft:trigger_trapped_chest":2},"minecraft:broken":{"minecraft:iron_boots":2,"minecraft:iron_chestplate":2,"minecraft:iron_leggings":1,"easy_emerald:amethyst_boots":1,"easy_emerald:obsidian_body":1,"minecraft:iron_sword":2,"minecraft:leather_helmet":1,"easy_emerald:amethyst_head":1,"minecraft:shield":10,"vanillaplustools:stone_hammer":8,"easy_emerald:amethyst_leggings":1,"minecraft:iron_pickaxe":3,"minecraft:iron_helmet":3,"vanillaplustools:stone_shovel":6,"easy_emerald:obsidian_leggings":1,"easy_emerald:obsidian_head":2,"easy_emerald:amethyst_body":1,"easy_emerald:obsidian_boots":1,"minecraft:stone_pickaxe":4,"minecraft:golden_chestplate":1},"minecraft:killed_by":{"minecraft:piglin_brute":3,"minecraft:zombie":9,"minecraft:husk":3,"minecraft:stray":10,"thalassophobia:megapiranha":6,"minecraft:wither_skeleton":10,"minecraft:creeper":5,"thalassophobia:xiphactinus":1,"graveyard:skeleton_creeper":1,"iceandfire:dread_ghoul":13,"iceandfire:myrmex_queen":1,"iceandfire:fire_dragon":7,"iceandfire:dread_beast":8,"minecraft:player":9,"iceandfire:dread_scuttler":17,"minecraft:enderman":1,"faded_conquest_2:faded_king":2,"iceandfire:dread_knight":8,"iceandfire:gorgon":3,"minecraft:hoglin":3,"minecraft:skeleton":6,"faded_conquest_2:the_plauge_bringer":2},"minecraft:used":{"iceandfire:lectern":1,"minecraft:beetroot":1,"minecraft:chest":1,"minecraft:soul_sand":76,"minecraft:snowball":48,"minecraft:lava_bucket":4,"minecraft:birch_sapling":2,"minecraft:rabbit_stew":1,"minecraft:bow":3,"minecraft:oak_sapling":4,"minecraft:furnace":3,"minecraft:potato":148,"iceandfire:troll_weapon_hammer":2,"minecraft:wooden_pickaxe":17,"minecraft:mossy_stone_brick_stairs":1,"minecraft:golden_apple":14,"minecraft:sand":3,"minecraft:blast_furnace":3,"minecraft:birch_fence":18,"minecraft:lectern":9,"minecraft:oak_pressure_plate":2,"iceandfire:myrmex_resin_jungle":1,"minecraft:diamond_sword":246,"sons_of_sins:flesh_of_demise":1,"minecraft:smithing_table":1,"minecraft:iron_bars":14,"minecraft:enchanting_table":2,"vanillaplustools:stone_hammer":1093,"minecraft:netherrack":171,"minecraft:torch":188,"minecraft:brewing_stand":2,"minecraft:mossy_cobblestone_stairs":1,"minecraft:light_weighted_pressure_plate":1,"thalassophobia:cooked_crab":1,"minecraft:barrel":10,"minecraft:smooth_basalt":5,"cavesanddepths:cobbled_slate":2,"iceandfire:podium_birch":1,"minecraft:cobbled_deepslate":62,"minecraft:calcite":77,"minecraft:wheat_seeds":40,"minecraft:water_bucket":65,"minecraft:birch_planks":6,"faded_conquest_2:dark_bricks":2,"graveyard:ossuary":3,"deep_dark_regrowth:sculk_soil":2,"minecraft:tnt":6,"minecraft:crafting_table":14,"vanillaplustools:stone_shovel":954,"easy_emerald:obsidian_sword":334,"minecraft:white_bed":13,"cataclysm:stone_tile_stairs":2,"minecraft:oak_log":1,"minecraft:diamond_pickaxe":1233,"minecraft:diamond_shovel":100,"netherexp:cooked_hogham":64,"minecraft:iron_pickaxe":784,"minecraft:suspicious_stew":3,"iceandfire:myrmex_jungle_egg":3,"enchantinginfuser:enchanting_infuser":1,"minecraft:cobblestone":167,"minecraft:potion":1,"travelersbackpack:standard":38,"easy_emerald:obsidian_bow":537,"minecraft:cooked_porkchop":16,"minecraft:iron_shovel":28,"minecraft:bone_block":1,"cavesanddepths:mossy_cobbled_deepslate":1,"minecraft:shield":406,"minecraft:decorated_pot":1,"minecraft:iron_sword":630,"easy_emerald:amethyst_sword":802,"minecraft:mutton":6,"minecraft:nether_bricks":3,"minecraft:carrot":72,"minecraft:tuff":7,"minecraft:obsidian":14,"iceandfire:dread_torch":1,"minecraft:iron_helmet":1,"minecraft:stone_bricks":4,"minecraft:golden_sword":1,"minecraft:beetroot_seeds":10,"minecraft:stone_pickaxe":512,"minecraft:oak_planks":88,"minecraft:sugar_cane":17,"easy_villagers:villager":16,"minecraft:melon_slice":50,"minecraft:bread":60,"minecraft:string":1,"easy_emerald:amethyst_head":1,"minecraft:deepslate":21,"minecraft:iron_door":1,"minecraft:golden_helmet":1,"minecraft:andesite":1,"minecraft:bone_meal":238,"minecraft:experience_bottle":2,"netherexp:sorrowsquash":1,"minecraft:flint_and_steel":9,"minecraft:stone_shovel":114,"minecraft:spruce_planks":11,"minecraft:wooden_shovel":7,"minecraft:stone_hoe":42,"minecraft:dirt":6690,"minecraft:wooden_axe":11,"minecraft:bookshelf":10,"deep_dark_regrowth:stone_tiles_stairs":4,"iceandfire:stone_statue":1,"minecraft:iron_boots":3,"minecraft:golden_carrot":26,"thalassophobia:cooked_fish_meat":18,"minecraft:stone_pressure_plate":2,"minecraft:cooked_beef":3,"thalassophobia:raw_fish_meat":2,"minecraft:cooked_mutton":22,"minecraft:polished_andesite":1,"minecraft:baked_potato":132,"iceandfire:dread_knight_sword":13,"magistuarmory:barbedclub":3,"minecraft:stonecutter":1,"iceandfire:dread_stone_bricks_mossy":2,"minecraft:smoker":1,"minecraft:apple":24,"minecraft:stone_axe":238,"minecraft:bucket":72},"minecraft:picked_up":{"iceandfire:dread_stone_bricks":2,"minecraft:iron_chestplate":3,"minecraft:chainmail_boots":3,"minecraft:suspicious_stew":1,"minecraft:prismarine_shard":2,"minecraft:stone_slab":6,"minecraft:diamond_sword":1,"minecraft:oak_stairs":1,"netherexp:hogham":31,"thalassophobia:tooth":28,"minecraft:brewing_stand":2,"minecraft:amethyst_block":323,"iceandfire:manuscript":35,"minecraft:string":42,"minecraft:beetroot":7,"easy_emerald:amethyst_head":1,"minecraft:diamond_leggings":1,"minecraft:gold_nugget":103,"minecraft:cobbled_deepslate":155,"minecraft:spruce_planks":66,"minecraft:coal_block":25,"minecraft:melon_slice":50,"iceandfire:ghost_sword":1,"minecraft:golden_helmet":5,"iceandfire:dread_torch":1,"minecraft:golden_axe":1,"magistuarmory:rustedcrusader_chestplate":4,"minecraft:golden_chestplate":2,"minecraft:cauldron":2,"netherexp:cooked_hogham":12,"minecraft:stone_sword":2,"minecraft:tropical_fish":3,"thalassophobia:raw_crab":2,"faded_conquest_2:skull_pile":4,"minecraft:snowball":63,"minecraft:iron_bars":32,"minecraft:birch_log":17,"minecraft:cooked_beef":3,"magistuarmory:rustedchainmail_boots":2,"minecraft:iron_door":1,"minecraft:birch_slab":4,"minecraft:water_bucket":1,"minecraft:jungle_log":9,"minecraft:flint":28,"faded_conquest_2:keyof_pestilence":1,"iceandfire:dread_stone_slab":1,"unusualfishmod:raw_hatchetfish":1,"easy_emerald:amethyst_body":1,"iceandfire:shiny_scales":4,"iceandfire:myrmex_stinger":3,"minecraft:polished_andesite":10,"minecraft:deepslate":133,"minecraft:granite":40,"minecraft:chainmail_helmet":6,"minecraft:bread":6,"iceandfire:gorgon_head":1,"iceandfire:raw_silver":2,"minecraft:diamond_pickaxe":2,"minecraft:crafting_table":9,"minecraft:coarse_dirt":5,"iceandfire:witherbone":20,"cataclysm:stone_tile_stairs":2,"minecraft:leather_leggings":1,"gravestone:obituary":39,"minecraft:cornflower":2,"deep_dark_regrowth:stone_tiles_stairs":4,"minecraft:cracked_stone_bricks":11,"minecraft:beef":3,"netherexp:soul_magma_block":3,"iceandfire:dread_knight_sword":7,"iceandfire:dread_shard":94,"minecraft:poppy":1,"minecraft:spruce_slab":1,"minecraft:chest":2,"minecraft:birch_sapling":2,"minecraft:raw_gold_block":118,"magistuarmory:rustedbarbute":1,"minecraft:carrot":145,"minecraft:redstone":244,"minecraft:prismarine_crystals":3,"minecraft:tnt":12,"minecraft:diamond_chestplate":1,"minecraft:decorated_pot":1,"minecraft:beetroot_seeds":24,"cavesanddepths:cobbled_slate":2,"minecraft:gold_ingot":5,"netherexp:sorrowsquash":1,"minecraft:mutton":12,"cavesanddepths:lush_fruit":1,"minecraft:white_wool":12,"minecraft:bone_block":3,"minecraft:oxeye_daisy":4,"minecraft:stripped_oak_log":1,"magistuarmory:rustedhalfarmor_chestplate":1,"iceandfire:sea_serpent_fang":13,"faded_conquest_2:dark_bricks":6,"minecraft:red_mushroom":1,"minecraft:oak_log":138,"minecraft:golden_boots":1,"iceandfire:myrmex_resin_jungle":9,"faded_conquest_2:clay_pillar":2,"minecraft:apple":9,"minecraft:stone_bricks":9,"minecraft:stone_pickaxe":6,"minecraft:cobweb":2,"cavesanddepths:mossy_cobbled_deepslate":5,"minecraft:glass_bottle":8,"minecraft:iron_sword":3,"minecraft:polished_andesite_stairs":2,"minecraft:smooth_basalt":9,"minecraft:sweet_berries":16,"iceandfire:sea_serpent_scales_green":1,"graveyard:ossuary":4,"minecraft:gravel":334,"magistuarmory:rustednorman_helmet":3,"minecraft:spruce_log":14,"magistuarmory:rustedchainmail_leggings":9,"minecraft:crying_obsidian":3,"minecraft:leather_helmet":2,"travelersbackpack:standard":1,"minecraft:diamond_shovel":3,"minecraft:slime_ball":2,"minecraft:stone_axe":1,"iceandfire:myrmex_jungle_egg":5,"minecraft:ender_pearl":2,"minecraft:wheat":26,"iceandfire:troll_weapon_hammer":2,"minecraft:redstone_block":6,"faded_conquest_2:key_of_war":1,"easy_emerald:ruby_juju":1,"minecraft:stone_brick_stairs":4,"minecraft:raw_copper":66,"minecraft:iron_leggings":3,"iceandfire:sea_serpent_scales_bronze":10,"cavesanddepths:chert":1,"minecraft:bucket":3,"minecraft:light_weighted_pressure_plate":3,"easy_emerald:amethyst_juju":1,"minecraft:calcite":234,"easy_emerald:amethyst_boots":1,"minecraft:iron_pickaxe":4,"netherexp:fossil_fuel":2,"minecraft:iron_boots":5,"minecraft:furnace":1,"minecraft:tipped_arrow":21,"minecraft:stick":141,"minecraft:oak_fence":1,"minecraft:torch":38,"iceandfire:dread_sword":3,"minecraft:spruce_stairs":1,"minecraft:porkchop":11,"minecraft:diorite":2,"easy_emerald:amethyst_leggings":1,"minecraft:quartz_block":3,"minecraft:rotten_flesh":249,"minecraft:obsidian":128,"minecraft:cobblestone":6597,"minecraft:enchanting_table":2,"minecraft:andesite":245,"minecraft:orange_carpet":3,"easy_emerald:amethyst_sword":1,"minecraft:golden_leggings":4,"minecraft:potato":360,"minecraft:tuff":28,"minecraft:lapis_lazuli":127,"minecraft:dirt":9001,"minecraft:bone":272,"minecraft:bow":10,"minecraft:wheat_seeds":191,"minecraft:raw_gold":54,"easy_emerald:obsidian_bow":2,"minecraft:mossy_stone_bricks":4,"minecraft:bamboo":14,"minecraft:oak_planks":165,"minecraft:mossy_stone_brick_stairs":4,"minecraft:poisonous_potato":1,"minecraft:sand":251,"minecraft:nether_brick_stairs":5,"magistuarmory:rustedgreathelm":1,"sons_of_sins:flesh_of_demise":4,"minecraft:mossy_cobblestone":3,"minecraft:diamond":43,"magistuarmory:corruptedroundshield":3,"minecraft:crossbow":1,"minecraft:golden_apple":16,"minecraft:bone_meal":11,"iceandfire:myrmex_jungle_biolight":8,"minecraft:spruce_sign":1,"minecraft:emerald":22,"minecraft:oak_sapling":57,"minecraft:netherrack":220,"minecraft:azure_bluet":5,"minecraft:splash_potion":2,"magistuarmory:barbedclub":1,"minecraft:brown_mushroom":1,"minecraft:wooden_pickaxe":1,"minecraft:gold_block":1,"minecraft:brick":9,"minecraft:shield":6,"minecraft:moss_carpet":14,"minecraft:iron_axe":1,"deep_dark_regrowth:sculk_soil":3,"minecraft:lectern":9,"minecraft:sugar_cane":25,"minecraft:spruce_trapdoor":1,"thalassophobia:raw_fish_meat":49,"minecraft:raw_iron":59,"iceandfire:dragonbone":3,"minecraft:bowl":8,"magistuarmory:rustedkettlehat":1,"minecraft:stone_pressure_plate":2,"minecraft:arrow":137,"minecraft:nether_bricks":10,"alexscaves:spelunkery_table":1,"thalassophobia:fish_scale":17,"minecraft:skeleton_skull":3,"minecraft:golden_carrot":39,"minecraft:leather":9,"iceandfire:stone_statue":3,"minecraft:birch_planks":19,"minecraft:chainmail_chestplate":3,"iceandfire:dread_stone_bricks_cracked":14,"minecraft:gunpowder":14,"minecraft:cobblestone_stairs":1,"minecraft:red_carpet":5,"minecraft:rabbit_hide":1,"minecraft:iron_ingot":58,"iceandfire:fire_dragon_flesh":2,"minecraft:soul_sand":122,"minecraft:book":35,"minecraft:oak_slab":16,"minecraft:black_candle":4,"magistuarmory:rustedchainmail_chestplate":2,"minecraft:quartz":270,"minecraft:dandelion":33,"minecraft:amethyst_shard":2,"minecraft:blast_furnace":3,"minecraft:white_bed":11,"minecraft:spruce_door":1,"minecraft:spider_eye":16,"magistuarmory:rustedchainmail_helmet":1,"xpbook:xp_tome":1,"magistuarmory:rusted_bastardsword":2,"minecraft:chainmail_leggings":1,"magistuarmory:rustedcrusader_boots":3,"minecraft:iron_helmet":5,"minecraft:mossy_cobblestone_stairs":1,"minecraft:coal":112},"minecraft:killed":{"minecraft:cave_spider":16,"iceandfire:gorgon":1,"minecraft:skeleton":59,"iceandfire:dread_scuttler":32,"iceandfire:myrmex_worker":3,"minecraft:pillager":3,"minecraft:zombie":118,"unusualfishmod:hatchet_fish":4,"iceandfire:dread_ghoul":27,"iceandfire:sea_serpent":2,"minecraft:cow":2,"faded_conquest_2:faded_king":1,"thalassophobia:megapiranha":19,"iceandfire:dread_beast":41,"iceandfire:dread_knight":41,"iceandfire:siren":1,"minecraft:husk":2,"graveyard:ghoul":4,"iceandfire:cyclops":1,"thalassophobia:shark":1,"iceandfire:ghost":3,"minecraft:enderman":2,"faded_conquest_2:summoned_spider":1,"thalassophobia:vertebrat":3,"graveyard:skeleton_creeper":1,"minecraft:spider":28,"faded_conquest_2:demon":3,"minecraft:silverfish":11,"minecraft:piglin_brute":2,"minecraft:piglin":4,"minecraft:pig":5,"minecraft:zombie_villager":2,"faded_conquest_2:faded_kingp_2":1,"minecraft:creeper":17,"minecraft:sheep":5,"minecraft:stray":40,"iceandfire:pixie":1,"iceandfire:dread_thrall":27,"iceandfire:fire_dragon":1,"minecraft:drowned":1,"thalassophobia:crab":1,"minecraft:hoglin":8,"sons_of_sins:betrayed_guzzler":2,"minecraft:wither_skeleton":12}},"DataVersion":3465}