{"stats":{"minecraft:picked_up":{"minecraft:crafting_table":7,"minecraft:azure_bluet":4,"easy_emerald:ruby_juju":1,"thalassophobia:tooth":2,"minecraft:string":12,"minecraft:moss_carpet":6,"minecraft:raw_copper":53,"minecraft:iron_axe":1,"minecraft:cobbled_deepslate":137,"minecraft:beef":3,"easy_emerald:amethyst_juju":1,"minecraft:poppy":1,"minecraft:melon_slice":44,"minecraft:sugar_cane":8,"minecraft:birch_sapling":2,"minecraft:furnace":1,"thalassophobia:raw_fish_meat":3,"minecraft:stick":28,"minecraft:raw_iron":58,"minecraft:torch":7,"minecraft:bowl":2,"minecraft:porkchop":6,"minecraft:redstone":244,"minecraft:arrow":17,"minecraft:rotten_flesh":29,"thalassophobia:raw_crab":1,"minecraft:mutton":8,"minecraft:obsidian":117,"minecraft:white_wool":5,"minecraft:cobblestone":4327,"minecraft:stripped_oak_log":1,"minecraft:birch_log":7,"minecraft:golden_carrot":5,"minecraft:birch_slab":4,"minecraft:jungle_log":9,"minecraft:leather":2,"minecraft:birch_planks":9,"minecraft:flint":15,"minecraft:tuff":22,"minecraft:oak_log":48,"minecraft:gunpowder":2,"minecraft:dirt":2336,"minecraft:lapis_lazuli":127,"minecraft:bone":22,"minecraft:apple":2,"minecraft:stone_bricks":1,"minecraft:bow":4,"minecraft:wheat_seeds":27,"minecraft:raw_gold":49,"minecraft:stone_pickaxe":3,"minecraft:mossy_stone_bricks":1,"minecraft:oak_planks":41,"minecraft:iron_sword":1,"minecraft:mossy_stone_brick_stairs":3,"minecraft:black_candle":4,"minecraft:sweet_berries":10,"minecraft:dandelion":1,"unusualfishmod:raw_hatchetfish":1,"minecraft:gravel":116,"minecraft:blast_furnace":2,"minecraft:white_bed":5,"minecraft:diamond":23,"minecraft:granite":40,"minecraft:bone_meal":2,"minecraft:emerald":5,"minecraft:bread":6,"minecraft:oak_sapling":23,"minecraft:coal":81,"iceandfire:raw_silver":1},"minecraft:crafted":{"minecraft:oak_planks":100,"minecraft:barrel":3,"minecraft:stone_shovel":6,"vanillaplustools:stone_hammer":6,"minecraft:birch_slab":6,"minecraft:furnace":1,"thalassophobia:cooked_fish_meat":1,"easy_emerald:obsidian_leggings":2,"minecraft:cooked_mutton":8,"thalassophobia:cooked_crab":1,"minecraft:iron_boots":1,"minecraft:stone_pickaxe":57,"minecraft:chest":1,"vanillaplustools:stone_shovel":1,"easy_emerald:obsidian_body":2,"minecraft:oak_slab":6,"easy_emerald:obsidian_head":2,"minecraft:cooked_porkchop":6,"minecraft:crafting_table":3,"minecraft:wooden_pickaxe":1,"minecraft:iron_helmet":1,"easy_emerald:obsidian_boots":2,"minecraft:birch_planks":28,"minecraft:bucket":2,"minecraft:stone_axe":1,"minecraft:air":0,"minecraft:jungle_planks":36,"minecraft:iron_chestplate":1,"minecraft:shield":1,"easy_emerald:obsidian_sword":1,"minecraft:stick":148,"minecraft:iron_ingot":50,"minecraft:iron_pickaxe":1,"minecraft:wooden_axe":1,"minecraft:iron_leggings":1,"minecraft:torch":16},"minecraft:mined":{"minecraft:diamond_ore":1,"minecraft:tuff":13,"minecraft:white_bed":6,"iceandfire:silver_ore":5,"minecraft:deepslate_diamond_ore":22,"minecraft:obsidian":69,"minecraft:granite":40,"gravestone:gravestone":7,"minecraft:grass_block":33,"minecraft:jungle_log":9,"minecraft:large_fern":1,"minecraft:redstone_ore":4,"minecraft:furnace":1,"minecraft:iron_ore":28,"minecraft:cobbled_deepslate":8,"minecraft:deepslate_lapis_ore":18,"minecraft:mossy_stone_brick_stairs":1,"minecraft:deepslate_iron_ore":31,"minecraft:black_candle":1,"minecraft:stripped_oak_log":1,"minecraft:stone":4001,"minecraft:deepslate_redstone_ore":44,"minecraft:torch":1,"minecraft:crafting_table":6,"minecraft:blast_furnace":2,"minecraft:emerald_ore":5,"minecraft:melon":7,"minecraft:copper_ore":15,"graveyard:tg_grass_block":1,"minecraft:tall_grass":9,"minecraft:cobblestone":61,"minecraft:lapis_ore":3,"minecraft:deepslate_gold_ore":44,"minecraft:sugar_cane":3,"minecraft:birch_log":7,"minecraft:grass":88,"minecraft:oak_log":48,"minecraft:coal_ore":80,"minecraft:gravel":96,"minecraft:dirt":224,"minecraft:cobweb":8,"minecraft:stone_bricks":1,"minecraft:mossy_stone_bricks":1,"minecraft:gold_ore":5,"minecraft:deepslate":135,"minecraft:fern":3},"minecraft:used":{"minecraft:shield":53,"minecraft:iron_sword":249,"vanillaplustools:stone_hammer":705,"minecraft:dirt":3224,"minecraft:tuff":4,"minecraft:wooden_axe":11,"minecraft:lava_bucket":2,"thalassophobia:cooked_crab":1,"minecraft:birch_sapling":2,"minecraft:barrel":3,"minecraft:rabbit_stew":1,"minecraft:bow":2,"thalassophobia:cooked_fish_meat":1,"minecraft:oak_sapling":4,"minecraft:furnace":2,"minecraft:cobbled_deepslate":58,"minecraft:cooked_mutton":8,"minecraft:water_bucket":58,"minecraft:stone_pickaxe":131,"minecraft:wooden_pickaxe":17,"minecraft:sugar_cane":5,"minecraft:crafting_table":8,"vanillaplustools:stone_shovel":46,"minecraft:blast_furnace":2,"easy_emerald:obsidian_sword":19,"minecraft:white_bed":7,"minecraft:diamond_pickaxe":145,"minecraft:melon_slice":44,"minecraft:bread":31,"minecraft:suspicious_stew":2,"minecraft:iron_pickaxe":250,"minecraft:stone_axe":80,"minecraft:cobblestone":42,"minecraft:cooked_porkchop":6,"minecraft:bucket":61},"minecraft:custom":{"minecraft:mob_kills":74,"minecraft:interact_with_crafting_table":46,"minecraft:open_barrel":22,"minecraft:leave_game":7,"minecraft:time_since_death":156802,"minecraft:climb_one_cm":1170,"minecraft:sprint_one_cm":405077,"minecraft:walk_one_cm":971300,"minecraft:damage_blocked_by_shield":2745,"minecraft:drop":109,"minecraft:talked_to_villager":2,"minecraft:play_time":230497,"minecraft:deaths":8,"minecraft:sneak_time":16134,"minecraft:walk_under_water_one_cm":11016,"minecraft:jump":3286,"minecraft:interact_with_blast_furnace":26,"minecraft:walk_on_water_one_cm":26742,"minecraft:total_world_time":230497,"minecraft:interact_with_furnace":17,"spartanshields:shield_bash_hits":2,"minecraft:sleep_in_bed":11,"minecraft:time_since_rest":7194,"minecraft:damage_taken":5302,"minecraft:damage_dealt":12592,"minecraft:swim_one_cm":14066,"minecraft:fly_one_cm":482961,"minecraft:open_chest":45,"minecraft:crouch_one_cm":27492,"minecraft:fall_one_cm":62879},"minecraft:broken":{"minecraft:leather_helmet":1,"minecraft:stone_pickaxe":1,"minecraft:shield":1,"vanillaplustools:stone_hammer":5,"minecraft:iron_sword":1,"minecraft:iron_pickaxe":1},"minecraft:killed":{"minecraft:cave_spider":2,"minecraft:spider":4,"thalassophobia:megapiranha":1,"minecraft:skeleton":13,"minecraft:husk":2,"minecraft:pig":3,"minecraft:zombie_villager":1,"minecraft:creeper":5,"minecraft:sheep":5,"minecraft:pillager":2,"minecraft:zombie":30,"unusualfishmod:hatchet_fish":4,"minecraft:cow":1},"minecraft:killed_by":{"minecraft:husk":3,"thalassophobia:megapiranha":1,"minecraft:skeleton":1,"minecraft:zombie":3},"minecraft:dropped":{"minecraft:iron_sword":1,"minecraft:birch_planks":9,"minecraft:wheat_seeds":27,"minecraft:lapis_lazuli":39,"minecraft:crafting_table":1,"minecraft:cobblestone":427,"minecraft:leather":2,"minecraft:granite":40,"minecraft:jungle_planks":1,"minecraft:mossy_stone_brick_stairs":3,"minecraft:flint":9,"minecraft:stick":4,"minecraft:emerald":5,"minecraft:dirt":372,"minecraft:torch":4,"minecraft:wooden_axe":1,"gravestone:obituary":7,"minecraft:bone_meal":2,"minecraft:white_wool":1,"minecraft:dandelion":1,"minecraft:redstone":26,"minecraft:gravel":53,"minecraft:moss_carpet":6,"unusualfishmod:raw_hatchetfish":1,"minecraft:cobbled_deepslate":31,"minecraft:raw_copper":4,"minecraft:bowl":5,"minecraft:tuff":18,"minecraft:raw_iron":14,"minecraft:obsidian":52,"minecraft:rotten_flesh":30,"minecraft:oak_planks":41,"minecraft:azure_bluet":4,"minecraft:white_bed":1,"minecraft:poppy":1,"minecraft:leather_chestplate":1,"minecraft:gunpowder":2,"minecraft:oak_sapling":19,"thalassophobia:tooth":2,"minecraft:bow":4,"minecraft:stone_pickaxe":1,"minecraft:wooden_pickaxe":2}},"DataVersion":3465}