{"stats":{"minecraft:dropped":{"minecraft:spruce_sign":1,"minecraft:nether_brick_stairs":4,"magistuarmory:barbedclub":1,"minecraft:brown_mushroom":1,"minecraft:iron_sword":5,"iceandfire:raw_silver":2,"minecraft:soul_sand":45,"minecraft:birch_planks":9,"minecraft:dark_oak_stairs":1,"minecraft:lapis_lazuli":39,"minecraft:oak_log":9,"minecraft:golden_pickaxe":1,"minecraft:glass_bottle":9,"minecraft:crafting_table":1,"minecraft:cooked_porkchop":2,"minecraft:crossbow":1,"minecraft:leather":14,"minecraft:mossy_stone_brick_stairs":3,"minecraft:jungle_planks":1,"minecraft:cracked_stone_bricks":4,"minecraft:birch_slab":2,"minecraft:emerald":5,"minecraft:cobblestone_stairs":1,"minecraft:flint":9,"minecraft:dirt":1335,"minecraft:cornflower":2,"gravestone:obituary":81,"minecraft:gold_nugget":5,"minecraft:bone_meal":5,"minecraft:bone_block":1,"minecraft:sand":42,"minecraft:iron_pickaxe":5,"easy_emerald:ruby_juju":1,"iceandfire:myrmex_resin_jungle":8,"minecraft:white_wool":7,"minecraft:cauldron":2,"minecraft:gold_ingot":1,"sons_of_sins:flesh_of_demise":2,"minecraft:bone":31,"minecraft:gravel":315,"minecraft:stone_axe":2,"vanillaplustools:stone_shovel":1,"minecraft:cooked_chicken":2,"minecraft:golden_chestplate":1,"minecraft:cobbled_deepslate":31,"minecraft:obsidian":52,"minecraft:beetroot":2,"minecraft:rotten_flesh":107,"minecraft:oak_planks":65,"minecraft:cooked_mutton":1,"minecraft:azure_bluet":5,"minecraft:white_bed":1,"minecraft:carrot":9,"easy_emerald:amethyst_sword":1,"minecraft:poppy":1,"minecraft:rabbit_hide":1,"minecraft:leather_chestplate":1,"easy_emerald:obsidian_sword":1,"minecraft:tipped_arrow":3,"minecraft:gunpowder":7,"travelersbackpack:white_sleeping_bag":2,"faded_conquest_2:dark_bricks":4,"faded_conquest_2:clay_pillar":2,"faded_conquest_2:keyof_pestilence":1,"minecraft:beetroot_seeds":14,"minecraft:chainmail_boots":1,"minecraft:chest":4,"vanillaplustools:stone_hammer":1,"minecraft:leather_leggings":1,"minecraft:spruce_slab":1,"minecraft:iron_bars":8,"minecraft:arrow":18,"netherexp:cooked_hogham":5,"minecraft:stone_brick_stairs":2,"minecraft:quartz":4,"minecraft:splash_potion":2,"minecraft:iron_ingot":1,"minecraft:oak_slab":16,"minecraft:wheat_seeds":115,"minecraft:golden_helmet":1,"minecraft:tnt":6,"minecraft:diamond_leggings":1,"minecraft:oak_fence":1,"minecraft:iron_helmet":1,"minecraft:cobblestone":1109,"minecraft:spectral_arrow":6,"minecraft:apple":2,"minecraft:granite":40,"minecraft:spruce_door":1,"minecraft:chainmail_helmet":1,"minecraft:coal":21,"minecraft:golden_apple":3,"minecraft:stick":30,"minecraft:oxeye_daisy":3,"minecraft:cobweb":2,"minecraft:diorite":1,"minecraft:golden_carrot":7,"netherexp:hogham":26,"cavesanddepths:lush_fruit":1,"minecraft:torch":47,"iceandfire:myrmex_jungle_biolight":8,"minecraft:wooden_axe":1,"minecraft:melon_slice":52,"minecraft:iron_leggings":1,"easy_emerald:amethyst_juju":1,"minecraft:iron_shovel":1,"minecraft:string":6,"minecraft:bucket":1,"minecraft:redstone":26,"minecraft:redstone_block":1,"minecraft:dandelion":33,"easy_emerald:obsidian_body":1,"minecraft:moss_carpet":6,"unusualfishmod:raw_hatchetfish":1,"thalassophobia:raw_fish_meat":12,"minecraft:coarse_dirt":9,"minecraft:stone_sword":3,"minecraft:raw_copper":17,"minecraft:bowl":12,"minecraft:tuff":18,"minecraft:raw_iron":14,"iceandfire:witherbone":8,"minecraft:stone_shovel":3,"thalassophobia:fish_scale":5,"iceandfire:myrmex_stinger":2,"minecraft:iron_boots":2,"minecraft:shears":1,"minecraft:diamond_sword":2,"iceandfire:troll_weapon_hammer":1,"minecraft:potato":1,"minecraft:shield":6,"minecraft:spruce_trapdoor":1,"minecraft:spruce_planks":16,"minecraft:iron_chestplate":1,"minecraft:diamond_pickaxe":1,"minecraft:andesite":180,"minecraft:mossy_stone_bricks":2,"thalassophobia:tooth":24,"minecraft:oak_sapling":38,"easy_emerald:obsidian_bow":1,"minecraft:spider_eye":3,"minecraft:stone_bricks":3,"minecraft:bow":9,"minecraft:stone_pickaxe":6,"minecraft:wooden_pickaxe":3,"minecraft:brick":9},"minecraft:picked_up":{"minecraft:iron_chestplate":3,"minecraft:wheat":26,"minecraft:redstone_block":6,"minecraft:chainmail_boots":1,"iceandfire:troll_weapon_hammer":2,"minecraft:suspicious_stew":1,"minecraft:diamond_sword":1,"minecraft:oak_stairs":1,"netherexp:hogham":31,"easy_emerald:ruby_juju":1,"minecraft:brewing_stand":1,"minecraft:stone_brick_stairs":4,"thalassophobia:tooth":24,"minecraft:string":26,"minecraft:raw_copper":66,"minecraft:iron_leggings":1,"minecraft:beetroot":7,"minecraft:diamond_leggings":1,"minecraft:gold_nugget":83,"minecraft:cobbled_deepslate":137,"minecraft:bucket":1,"minecraft:spruce_planks":15,"easy_emerald:amethyst_juju":1,"minecraft:iron_pickaxe":4,"netherexp:fossil_fuel":2,"minecraft:melon_slice":50,"minecraft:coal_block":2,"minecraft:iron_boots":2,"minecraft:furnace":1,"minecraft:tipped_arrow":10,"minecraft:golden_helmet":3,"minecraft:stick":52,"minecraft:oak_fence":1,"minecraft:torch":28,"minecraft:spruce_stairs":1,"minecraft:porkchop":11,"minecraft:diorite":1,"minecraft:golden_chestplate":2,"minecraft:cauldron":2,"netherexp:cooked_hogham":12,"minecraft:stone_sword":2,"minecraft:rotten_flesh":107,"thalassophobia:raw_crab":2,"minecraft:obsidian":128,"minecraft:iron_bars":17,"minecraft:cobblestone":6537,"minecraft:birch_log":17,"minecraft:cooked_beef":3,"minecraft:jungle_log":9,"minecraft:birch_slab":4,"minecraft:andesite":234,"minecraft:golden_leggings":1,"minecraft:potato":242,"minecraft:flint":28,"minecraft:tuff":22,"minecraft:lapis_lazuli":127,"minecraft:dirt":8985,"faded_conquest_2:keyof_pestilence":1,"minecraft:bone":92,"minecraft:bow":10,"minecraft:wheat_seeds":190,"minecraft:raw_gold":49,"easy_emerald:obsidian_bow":2,"minecraft:bamboo":14,"minecraft:mossy_stone_bricks":3,"minecraft:oak_planks":83,"minecraft:mossy_stone_brick_stairs":4,"unusualfishmod:raw_hatchetfish":1,"minecraft:sand":235,"minecraft:nether_brick_stairs":4,"iceandfire:myrmex_stinger":3,"sons_of_sins:flesh_of_demise":4,"minecraft:diamond":39,"minecraft:crossbow":1,"minecraft:granite":40,"minecraft:bone_meal":9,"minecraft:golden_apple":9,"minecraft:spruce_sign":1,"minecraft:chainmail_helmet":1,"iceandfire:myrmex_jungle_biolight":8,"minecraft:emerald":5,"minecraft:bread":6,"minecraft:oak_sapling":48,"minecraft:netherrack":204,"iceandfire:raw_silver":2,"magistuarmory:barbedclub":1,"minecraft:brown_mushroom":1,"minecraft:coarse_dirt":5,"minecraft:crafting_table":8,"minecraft:azure_bluet":5,"minecraft:splash_potion":2,"iceandfire:witherbone":19,"cataclysm:stone_tile_stairs":2,"minecraft:leather_leggings":1,"minecraft:wooden_pickaxe":1,"gravestone:obituary":25,"minecraft:brick":9,"minecraft:shield":4,"minecraft:cornflower":2,"minecraft:moss_carpet":7,"minecraft:iron_axe":1,"deep_dark_regrowth:stone_tiles_stairs":4,"minecraft:cracked_stone_bricks":4,"minecraft:beef":3,"netherexp:soul_magma_block":3,"deep_dark_regrowth:sculk_soil":3,"minecraft:poppy":1,"minecraft:lectern":1,"minecraft:spruce_slab":1,"minecraft:sugar_cane":25,"minecraft:chest":2,"minecraft:birch_sapling":2,"minecraft:spruce_trapdoor":1,"thalassophobia:raw_fish_meat":47,"minecraft:raw_iron":58,"iceandfire:dragonbone":3,"minecraft:bowl":8,"minecraft:carrot":106,"minecraft:redstone":244,"minecraft:stone_pressure_plate":1,"minecraft:tnt":12,"minecraft:arrow":66,"minecraft:beetroot_seeds":24,"minecraft:nether_bricks":3,"cavesanddepths:cobbled_slate":2,"thalassophobia:fish_scale":12,"minecraft:gold_ingot":1,"netherexp:sorrowsquash":1,"cavesanddepths:lush_fruit":1,"minecraft:mutton":8,"minecraft:bone_block":3,"minecraft:white_wool":5,"minecraft:oxeye_daisy":4,"minecraft:stripped_oak_log":1,"minecraft:golden_carrot":30,"faded_conquest_2:dark_bricks":6,"minecraft:leather":9,"minecraft:red_mushroom":1,"minecraft:birch_planks":19,"minecraft:oak_log":120,"minecraft:gunpowder":11,"minecraft:cobblestone_stairs":1,"iceandfire:myrmex_resin_jungle":9,"faded_conquest_2:clay_pillar":2,"minecraft:apple":8,"minecraft:stone_bricks":8,"minecraft:rabbit_hide":1,"minecraft:iron_ingot":2,"minecraft:stone_pickaxe":6,"minecraft:cobweb":2,"minecraft:glass_bottle":8,"minecraft:iron_sword":3,"iceandfire:fire_dragon_flesh":2,"minecraft:soul_sand":121,"minecraft:book":27,"minecraft:oak_slab":16,"minecraft:black_candle":4,"minecraft:sweet_berries":10,"minecraft:dandelion":33,"minecraft:quartz":270,"graveyard:ossuary":4,"minecraft:gravel":314,"minecraft:blast_furnace":3,"minecraft:white_bed":10,"minecraft:spider_eye":4,"minecraft:spruce_door":1,"minecraft:leather_helmet":1,"travelersbackpack:standard":1,"minecraft:diamond_shovel":2,"minecraft:slime_ball":2,"minecraft:stone_axe":1,"iceandfire:myrmex_jungle_egg":5,"minecraft:mossy_cobblestone_stairs":1,"minecraft:coal":111},"minecraft:broken":{"minecraft:iron_boots":1,"minecraft:iron_chestplate":2,"easy_emerald:obsidian_leggings":1,"easy_emerald:obsidian_head":2,"easy_emerald:obsidian_boots":1,"minecraft:stone_pickaxe":4,"easy_emerald:obsidian_body":1,"minecraft:iron_sword":2,"minecraft:golden_chestplate":1,"minecraft:leather_helmet":1,"minecraft:shield":6,"vanillaplustools:stone_hammer":8,"minecraft:iron_pickaxe":1,"minecraft:iron_helmet":1,"vanillaplustools:stone_shovel":6},"minecraft:killed_by":{"minecraft:piglin_brute":3,"minecraft:wither_skeleton":10,"minecraft:creeper":5,"iceandfire:myrmex_queen":1,"minecraft:zombie":5,"iceandfire:fire_dragon":7,"minecraft:husk":3,"minecraft:player":6,"minecraft:stray":8,"thalassophobia:megapiranha":4,"minecraft:hoglin":3,"minecraft:skeleton":4,"faded_conquest_2:the_plauge_bringer":2},"minecraft:killed":{"minecraft:cave_spider":6,"minecraft:spider":19,"minecraft:skeleton":39,"faded_conquest_2:demon":3,"minecraft:silverfish":3,"minecraft:piglin_brute":2,"iceandfire:myrmex_worker":1,"minecraft:piglin":4,"minecraft:pig":5,"minecraft:zombie_villager":2,"minecraft:creeper":12,"minecraft:sheep":5,"minecraft:pillager":2,"minecraft:zombie":80,"minecraft:stray":26,"unusualfishmod:hatchet_fish":4,"iceandfire:pixie":1,"minecraft:cow":2,"thalassophobia:megapiranha":17,"iceandfire:fire_dragon":1,"thalassophobia:crab":1,"minecraft:husk":2,"graveyard:ghoul":4,"minecraft:hoglin":8,"sons_of_sins:betrayed_guzzler":2,"iceandfire:ghost":3,"minecraft:wither_skeleton":12},"minecraft:mined":{"minecraft:spruce_planks":5,"minecraft:white_bed":11,"minecraft:stone_pressure_plate":1,"minecraft:oak_sapling":1,"minecraft:sculk_vein":8,"netherexp:fossil_fuel_ore":2,"minecraft:brewing_stand":1,"minecraft:obsidian":80,"minecraft:spruce_trapdoor":1,"minecraft:granite":44,"minecraft:grass_block":2286,"minecraft:jungle_log":9,"cavesanddepths:lush_fruit_stem":1,"minecraft:coal_block":2,"minecraft:oxeye_daisy":3,"minecraft:spawner":9,"minecraft:magma_block":1,"minecraft:iron_ore":28,"minecraft:fire":13,"minecraft:cobbled_deepslate":8,"graveyard:ossuary":4,"minecraft:deepslate_lapis_ore":18,"minecraft:azure_bluet":1,"minecraft:nether_brick_stairs":4,"minecraft:iron_bars":28,"minecraft:oak_stairs":1,"minecraft:black_candle":1,"minecraft:deepslate_redstone_ore":44,"minecraft:quartz_block":3,"iceandfire:myrmex_resin_jungle":3,"minecraft:soul_fire":1,"minecraft:torch":8,"minecraft:blast_furnace":3,"minecraft:poppy":1,"minecraft:melon":9,"cavesanddepths:mudstone":1,"minecraft:nether_quartz_ore":231,"minecraft:cobblestone":80,"minecraft:oak_planks":18,"minecraft:sugar_cane":6,"minecraft:iron_door":1,"minecraft:wall_torch":7,"minecraft:seagrass":1,"deep_dark_regrowth:stone_tiles_stairs":4,"cavesanddepths:slate":2,"minecraft:birch_log":7,"minecraft:wheat":27,"netherexp:ecto_soul_sand":2,"netherexp:quartz_crystal":15,"minecraft:tnt":2,"minecraft:stone_brick_stairs":2,"faded_conquest_2:dark_bricks":6,"minecraft:grass":368,"minecraft:oak_log":95,"minecraft:beetroots":6,"minecraft:dirt":3319,"minecraft:sand":195,"minecraft:netherrack":464,"faded_conquest_2:clay_pillar":2,"minecraft:deepslate":135,"minecraft:nether_gold_ore":19,"minecraft:diamond_ore":1,"minecraft:tuff":13,"iceandfire:silver_ore":6,"deep_dark_regrowth:sculk_soil":4,"minecraft:deepslate_diamond_ore":22,"minecraft:gray_stained_glass_pane":1,"minecraft:nether_bricks":8,"gravestone:gravestone":74,"cataclysm:stone_tile_stairs":2,"minecraft:decorated_pot":1,"minecraft:large_fern":2,"minecraft:black_stained_glass_pane":1,"minecraft:redstone_ore":4,"minecraft:furnace":1,"minecraft:carrots":32,"minecraft:andesite":237,"minecraft:gold_block":1,"minecraft:nether_brick_fence":7,"minecraft:mossy_stone_brick_stairs":2,"minecraft:bookshelf":9,"minecraft:potatoes":67,"minecraft:deepslate_iron_ore":31,"minecraft:vine":52,"minecraft:stripped_oak_log":1,"minecraft:bamboo":1,"minecraft:stone":5620,"minecraft:bone_block":1,"minecraft:redstone_block":5,"netherexp:fossil_ore":2,"minecraft:soul_sand":121,"minecraft:dandelion":25,"minecraft:crafting_table":7,"minecraft:cornflower":2,"minecraft:emerald_ore":5,"minecraft:lectern":1,"minecraft:copper_ore":20,"minecraft:tall_grass":64,"graveyard:tg_grass_block":4,"minecraft:lapis_ore":3,"minecraft:deepslate_gold_ore":44,"minecraft:sculk":1,"minecraft:diorite":1,"netherexp:sorrowsquash_stem_plant":1,"minecraft:spruce_stairs":1,"minecraft:birch_planks":4,"betterarcheology:loot_vase_creeper":1,"minecraft:coal_ore":84,"minecraft:gravel":196,"minecraft:cobweb":8,"minecraft:cracked_stone_bricks":9,"minecraft:stone_bricks":16,"minecraft:mossy_stone_bricks":3,"minecraft:gold_ore":5,"netherexp:soul_magma_block":3,"minecraft:fern":6,"minecraft:large_amethyst_bud":1},"minecraft:custom":{"minecraft:interact_with_crafting_table":124,"minecraft:open_barrel":214,"minecraft:leave_game":17,"minecraft:time_since_death":9878,"minecraft:sprint_one_cm":1443857,"minecraft:damage_blocked_by_shield":19169,"minecraft:drop":589,"minecraft:talked_to_villager":5,"minecraft:play_time":919431,"minecraft:deaths":69,"minecraft:jump":9750,"minecraft:walk_on_water_one_cm":158918,"minecraft:interact_with_furnace":57,"minecraft:sleep_in_bed":34,"minecraft:damage_dealt":51911,"minecraft:crouch_one_cm":89443,"minecraft:interact_with_smoker":39,"minecraft:interact_with_smithing_table":6,"minecraft:interact_with_anvil":7,"minecraft:mob_kills":280,"minecraft:climb_one_cm":6408,"minecraft:walk_one_cm":2980416,"minecraft:sneak_time":35463,"minecraft:walk_under_water_one_cm":102313,"minecraft:interact_with_blast_furnace":39,"minecraft:total_world_time":919431,"spartanshields:shield_bash_hits":14,"minecraft:interact_with_stonecutter":7,"minecraft:time_since_rest":9903,"minecraft:damage_absorbed":478,"minecraft:damage_taken":37553,"minecraft:trigger_trapped_chest":2,"minecraft:swim_one_cm":76067,"minecraft:fly_one_cm":1819188,"minecraft:open_chest":352,"minecraft:fall_one_cm":199223},"minecraft:crafted":{"minecraft:oak_planks":263,"minecraft:barrel":9,"minecraft:cooked_chicken":1,"minecraft:birch_slab":12,"iceandfire:lectern":1,"minecraft:stone":11,"thalassophobia:cooked_fish_meat":4,"minecraft:cooked_mutton":8,"minecraft:quartz_block":66,"minecraft:glass":27,"minecraft:iron_boots":1,"minecraft:chest":3,"vanillaplustools:stone_shovel":7,"minecraft:stone_hoe":2,"minecraft:smoker":1,"easy_emerald:obsidian_body":2,"minecraft:oak_slab":18,"minecraft:cooked_porkchop":14,"minecraft:crafting_table":4,"minecraft:iron_helmet":3,"minecraft:wooden_pickaxe":1,"minecraft:baked_potato":88,"easy_emerald:obsidian_boots":2,"minecraft:smithing_table":1,"minecraft:birch_planks":68,"iceandfire:podium_birch":1,"minecraft:iron_chestplate":1,"minecraft:book":1,"minecraft:shield":5,"easy_emerald:obsidian_sword":2,"minecraft:birch_fence":18,"minecraft:stick":264,"minecraft:iron_ingot":50,"minecraft:iron_pickaxe":4,"minecraft:stone_sword":1,"xpbook:xp_tome":1,"minecraft:shears":1,"deep_dark_regrowth:stone_tiles_stairs":1,"minecraft:coal":108,"minecraft:stone_shovel":63,"vanillaplustools:stone_hammer":9,"minecraft:furnace":3,"minecraft:bone_meal":207,"easy_emerald:obsidian_leggings":2,"thalassophobia:cooked_crab":1,"minecraft:stone_pickaxe":88,"netherexp:cooked_hogham":57,"minecraft:diamond_sword":2,"easy_emerald:obsidian_head":3,"minecraft:enchanting_table":1,"minecraft:bucket":4,"minecraft:stone_axe":2,"minecraft:air":0,"minecraft:jungle_planks":36,"iceandfire:bestiary":1,"minecraft:wooden_axe":1,"minecraft:iron_leggings":1,"minecraft:stonecutter":1,"minecraft:torch":16},"minecraft:used":{"iceandfire:lectern":1,"minecraft:beetroot":1,"minecraft:iron_shovel":6,"minecraft:bone_block":1,"minecraft:chest":1,"minecraft:shield":279,"minecraft:iron_sword":628,"easy_emerald:amethyst_sword":3,"minecraft:soul_sand":76,"minecraft:nether_bricks":3,"minecraft:carrot":55,"minecraft:tuff":4,"minecraft:obsidian":14,"minecraft:lava_bucket":4,"minecraft:birch_sapling":2,"minecraft:iron_helmet":1,"minecraft:stone_bricks":4,"minecraft:rabbit_stew":1,"minecraft:golden_sword":1,"minecraft:bow":3,"minecraft:oak_sapling":4,"minecraft:furnace":3,"minecraft:beetroot_seeds":10,"minecraft:potato":97,"iceandfire:troll_weapon_hammer":2,"minecraft:oak_planks":28,"minecraft:stone_pickaxe":512,"minecraft:wooden_pickaxe":17,"minecraft:mossy_stone_brick_stairs":1,"minecraft:sugar_cane":17,"minecraft:golden_apple":13,"minecraft:sand":3,"minecraft:blast_furnace":3,"minecraft:birch_fence":18,"minecraft:melon_slice":50,"minecraft:bread":58,"iceandfire:myrmex_resin_jungle":1,"minecraft:diamond_sword":232,"sons_of_sins:flesh_of_demise":1,"minecraft:smithing_table":1,"minecraft:bone_meal":173,"netherexp:sorrowsquash":1,"minecraft:iron_bars":7,"minecraft:flint_and_steel":1,"minecraft:enchanting_table":1,"minecraft:stone_shovel":114,"minecraft:spruce_planks":10,"vanillaplustools:stone_hammer":1093,"minecraft:wooden_shovel":7,"minecraft:stone_hoe":42,"minecraft:netherrack":164,"minecraft:torch":145,"minecraft:dirt":6687,"minecraft:mossy_cobblestone_stairs":1,"minecraft:wooden_axe":11,"deep_dark_regrowth:stone_tiles_stairs":4,"thalassophobia:cooked_crab":1,"minecraft:iron_boots":2,"minecraft:barrel":9,"cavesanddepths:cobbled_slate":2,"minecraft:golden_carrot":9,"iceandfire:podium_birch":1,"thalassophobia:cooked_fish_meat":4,"minecraft:stone_pressure_plate":1,"minecraft:cobbled_deepslate":58,"thalassophobia:raw_fish_meat":2,"minecraft:wheat_seeds":40,"minecraft:cooked_mutton":8,"minecraft:water_bucket":59,"minecraft:birch_planks":6,"minecraft:baked_potato":90,"faded_conquest_2:dark_bricks":2,"magistuarmory:barbedclub":3,"minecraft:stonecutter":1,"graveyard:ossuary":3,"deep_dark_regrowth:sculk_soil":2,"minecraft:tnt":6,"minecraft:crafting_table":11,"vanillaplustools:stone_shovel":954,"minecraft:white_bed":12,"easy_emerald:obsidian_sword":334,"cataclysm:stone_tile_stairs":2,"minecraft:smoker":1,"minecraft:oak_log":1,"minecraft:diamond_pickaxe":157,"minecraft:apple":8,"minecraft:diamond_shovel":25,"netherexp:cooked_hogham":58,"minecraft:iron_pickaxe":448,"minecraft:suspicious_stew":3,"iceandfire:myrmex_jungle_egg":3,"minecraft:stone_axe":154,"minecraft:cobblestone":140,"minecraft:potion":1,"easy_emerald:obsidian_bow":50,"minecraft:cooked_porkchop":13,"minecraft:bucket":66}},"DataVersion":3465}