{"stats":{"minecraft:picked_up":{"minecraft:crafting_table":2,"minecraft:jungle_log":9,"minecraft:oak_log":3,"minecraft:white_bed":1,"minecraft:cobblestone":15},"minecraft:crafted":{"minecraft:oak_planks":12,"minecraft:stone_axe":1,"minecraft:crafting_table":1,"minecraft:stick":8,"minecraft:wooden_pickaxe":1,"minecraft:jungle_planks":36,"minecraft:wooden_axe":1},"minecraft:mined":{"minecraft:oak_log":3,"minecraft:white_bed":1,"minecraft:jungle_log":9,"minecraft:cobblestone":11,"minecraft:stone":4,"minecraft:crafting_table":2},"minecraft:used":{"minecraft:stone_axe":1,"minecraft:wooden_axe":11,"minecraft:cobblestone":7,"minecraft:crafting_table":2,"minecraft:white_bed":2,"minecraft:wooden_pickaxe":15},"minecraft:custom":{"minecraft:time_since_rest":1680,"minecraft:play_time":5145,"minecraft:sprint_one_cm":8201,"minecraft:damage_taken":60,"minecraft:walk_one_cm":14729,"minecraft:drop":2,"minecraft:jump":69,"minecraft:time_since_death":5145,"minecraft:sleep_in_bed":1,"minecraft:total_world_time":5145,"minecraft:climb_one_cm":646,"minecraft:fall_one_cm":1273,"minecraft:interact_with_crafting_table":3,"minecraft:fly_one_cm":9055},"minecraft:dropped":{"minecraft:white_bed":1,"minecraft:wooden_axe":1}},"DataVersion":3465}