{"stats":{"minecraft:crafted":{"minecraft:jungle_planks":4},"minecraft:picked_up":{"minecraft:iron_chestplate":1,"minecraft:stone_shovel":3,"minecraft:jungle_log":1,"easy_emerald:emerald_sword":1,"minecraft:iron_helmet":1,"gravestone:obituary":2,"minecraft:oak_planks":2,"minecraft:iron_boots":1},"minecraft:dropped":{"gravestone:obituary":1,"minecraft:jungle_planks":1,"minecraft:stone_shovel":3},"minecraft:used":{"minecraft:stone_shovel":6,"minecraft:jungle_planks":3,"minecraft:oak_planks":2},"minecraft:mined":{"minecraft:jungle_log":1,"minecraft:jungle_leaves":3,"minecraft:oak_planks":2},"minecraft:custom":{"minecraft:open_barrel":5,"minecraft:time_since_rest":435,"minecraft:crouch_one_cm":137,"minecraft:play_time":18519,"minecraft:sprint_one_cm":890,"minecraft:damage_taken":100,"minecraft:walk_one_cm":77697,"minecraft:sneak_time":14,"minecraft:drop":5,"minecraft:jump":54,"minecraft:damage_dealt":63,"minecraft:leave_game":1,"minecraft:time_since_death":18519,"minecraft:sleep_in_bed":1,"minecraft:total_world_time":18519,"minecraft:climb_one_cm":220,"minecraft:fall_one_cm":484,"minecraft:fly_one_cm":429}},"DataVersion":3465}