{"stats":{"minecraft:killed_by":{"minecraft:player":4,"minecraft:creeper":3},"minecraft:crafted":{"minecraft:oak_door":3,"minecraft:oak_planks":1572,"minecraft:stone_shovel":250,"minecraft:furnace":4,"minecraft:cobblestone_stairs":1076,"minecraft:stone":42,"thalassophobia:cooked_fish_meat":13,"connectedglass:borderless_glass":248,"easy_emerald:amethyst_juju":1,"minecraft:glass":224,"easy_emerald:emerald_sword":1,"minecraft:iron_axe":2,"minecraft:stone_pickaxe":2,"minecraft:chest":20,"vanillaplustools:stone_shovel":27,"minecraft:oak_fence":57,"minecraft:wheat":153,"iceandfire:silver_ingot":1,"minecraft:crafting_table":1,"minecraft:wooden_pickaxe":1,"minecraft:baked_potato":54,"minecraft:birch_planks":360,"minecraft:stone_axe":3,"minecraft:bread":51,"minecraft:air":0,"easy_emerald:amethyst_sword":1,"minecraft:golden_leggings":1,"minecraft:iron_chestplate":1,"minecraft:diamond_pickaxe":1,"minecraft:stick":528,"minecraft:iron_ingot":8,"minecraft:oak_stairs":28,"minecraft:gold_ingot":7,"minecraft:torch":36,"minecraft:birch_stairs":24},"minecraft:picked_up":{"minecraft:iron_chestplate":1,"minecraft:crafting_table":1,"minecraft:coarse_dirt":68,"minecraft:azure_bluet":1,"minecraft:splash_potion":2,"minecraft:rabbit_stew":1,"minecraft:lead":4,"minecraft:potion":1,"minecraft:stone_brick_stairs":3,"gravestone:obituary":6,"minecraft:shield":1,"minecraft:cornflower":4,"minecraft:string":18,"minecraft:moss_carpet":2,"minecraft:raw_copper":34,"minecraft:iron_leggings":1,"graveyard:corruption":1,"minecraft:poppy":5,"minecraft:iron_pickaxe":1,"minecraft:melon_slice":64,"minecraft:sugar_cane":6,"minecraft:chest":4,"minecraft:birch_sapling":29,"minecraft:furnace":2,"minecraft:stick":167,"minecraft:bowl":2,"minecraft:torch":14,"minecraft:porkchop":10,"graveyard:small_cyan_urn":1,"minecraft:arrow":18,"minecraft:stone_shovel":10,"minecraft:rotten_flesh":35,"minecraft:peony":10,"thalassophobia:raw_crab":1,"minecraft:hay_block":17,"minecraft:red_tulip":2,"minecraft:white_wool":4,"minecraft:cobblestone":1904,"minecraft:oxeye_daisy":3,"minecraft:birch_log":113,"minecraft:golden_carrot":10,"minecraft:leather":7,"minecraft:birch_planks":5,"minecraft:flint":9,"minecraft:oak_log":573,"minecraft:chainmail_chestplate":1,"minecraft:gunpowder":27,"minecraft:cobblestone_stairs":114,"minecraft:dirt":15448,"minecraft:bone":8,"minecraft:apple":30,"minecraft:stone_bricks":3,"minecraft:bow":1,"minecraft:wheat_seeds":229,"minecraft:stone_pickaxe":1,"minecraft:mossy_stone_bricks":3,"minecraft:iron_sword":2,"minecraft:oak_planks":150,"minecraft:mossy_stone_brick_stairs":2,"minecraft:pumpkin":5,"minecraft:sweet_berries":20,"minecraft:jungle_planks":3,"minecraft:stone_brick_slab":1,"minecraft:dandelion":35,"minecraft:gravel":32,"minecraft:birch_stairs":4,"minecraft:sand":92,"minecraft:amethyst_shard":2,"minecraft:white_bed":5,"minecraft:spectral_arrow":6,"minecraft:mossy_stone_brick_slab":1,"minecraft:spider_eye":3,"minecraft:barrel":3,"graveyard:oak_coffin":1,"minecraft:diamond":1,"minecraft:bread":52,"minecraft:emerald":9,"minecraft:baked_potato":3,"minecraft:oak_sapling":261,"minecraft:coal":37,"iceandfire:raw_silver":5},"minecraft:broken":{"minecraft:stone_pickaxe":1,"minecraft:shield":1,"minecraft:iron_axe":2,"minecraft:stone_axe":2,"vanillaplustools:stone_shovel":24},"minecraft:dropped":{"iceandfire:raw_silver":4,"minecraft:oak_slab":6,"minecraft:birch_planks":1,"minecraft:wheat_seeds":196,"minecraft:baked_potato":25,"minecraft:iron_helmet":1,"minecraft:cobblestone":4,"minecraft:jungle_planks":1,"minecraft:mossy_stone_brick_stairs":2,"minecraft:coal":1,"minecraft:stick":50,"minecraft:flint":8,"minecraft:oxeye_daisy":3,"minecraft:dirt":94,"minecraft:golden_carrot":9,"minecraft:cornflower":4,"minecraft:melon_slice":6,"minecraft:iron_leggings":2,"gravestone:obituary":7,"minecraft:bone_meal":3,"easy_emerald:amethyst_juju":1,"minecraft:sand":1,"minecraft:string":18,"minecraft:birch_stairs":4,"easy_emerald:emerald_sword":1,"minecraft:dandelion":32,"minecraft:stone_brick_slab":1,"minecraft:bone":1,"minecraft:gravel":32,"minecraft:moss_carpet":2,"minecraft:sugar_cane":6,"vanillaplustools:stone_shovel":1,"minecraft:raw_copper":15,"minecraft:bowl":1,"minecraft:birch_sapling":23,"thalassophobia:fish_scale":6,"minecraft:rotten_flesh":28,"minecraft:oak_planks":1,"minecraft:iron_boots":1,"minecraft:mossy_stone_brick_slab":1,"thalassophobia:raw_crab":1,"minecraft:azure_bluet":1,"minecraft:chainmail_chestplate":1,"minecraft:poppy":5,"graveyard:small_cyan_urn":1,"minecraft:gunpowder":14,"minecraft:peony":10,"minecraft:iron_chestplate":3,"minecraft:andesite":63,"minecraft:mossy_stone_bricks":3,"minecraft:oak_sapling":180,"minecraft:spider_eye":3,"minecraft:barrel":1,"minecraft:arrow":5,"minecraft:bow":1,"minecraft:stone_pickaxe":1,"minecraft:red_tulip":2,"minecraft:stone_brick_stairs":3},"minecraft:killed":{"graveyard:nightmare":1,"minecraft:spider":13,"minecraft:skeleton":8,"thalassophobia:crab":1,"minecraft:pig":2,"minecraft:wandering_trader":2,"minecraft:creeper":3,"minecraft:trader_llama":4,"minecraft:pillager":1,"minecraft:zombie":35,"minecraft:cow":1},"minecraft:custom":{"minecraft:mob_kills":75,"minecraft:interact_with_crafting_table":82,"minecraft:open_barrel":65,"minecraft:leave_game":10,"minecraft:time_since_death":2684,"minecraft:climb_one_cm":436,"minecraft:sprint_one_cm":926210,"minecraft:walk_one_cm":1806300,"minecraft:damage_blocked_by_shield":2205,"minecraft:drop":141,"minecraft:talked_to_villager":2,"minecraft:play_time":435967,"minecraft:sneak_time":23858,"minecraft:deaths":7,"minecraft:walk_under_water_one_cm":3602,"minecraft:jump":3870,"minecraft:interact_with_blast_furnace":3,"minecraft:walk_on_water_one_cm":14646,"minecraft:total_world_time":435967,"minecraft:interact_with_furnace":41,"spartanshields:shield_bash_hits":1,"minecraft:interact_with_stonecutter":1,"minecraft:sleep_in_bed":29,"minecraft:time_since_rest":2714,"minecraft:damage_taken":5341,"minecraft:damage_dealt":14932,"minecraft:fly_one_cm":803004,"minecraft:player_kills":2,"minecraft:open_chest":130,"minecraft:crouch_one_cm":100405,"minecraft:interact_with_smoker":9,"minecraft:fall_one_cm":53625},"minecraft:mined":{"minecraft:white_bed":4,"connectedglass:borderless_glass":1,"minecraft:mossy_stone_brick_slab":1,"minecraft:cobblestone_stairs":117,"gravestone:gravestone":8,"minecraft:grass_block":6269,"minecraft:jungle_planks":2,"minecraft:moss_block":4,"minecraft:large_fern":1,"minecraft:hay_block":18,"minecraft:furnace":2,"graveyard:tg_moss_block":4,"minecraft:barrel":3,"minecraft:pumpkin":5,"minecraft:peony":7,"minecraft:azure_bluet":1,"minecraft:mossy_stone_brick_stairs":2,"minecraft:dirt_path":3,"minecraft:vine":1,"minecraft:azalea_leaves":1,"minecraft:stone":92,"minecraft:birch_stairs":4,"minecraft:stone_brick_slab":1,"minecraft:dandelion":1,"minecraft:crafting_table":1,"minecraft:torch":5,"minecraft:melon":6,"minecraft:chest":4,"minecraft:copper_ore":8,"minecraft:tall_grass":38,"graveyard:tg_grass_block":3,"minecraft:glass":3,"minecraft:cobblestone":86,"minecraft:oak_planks":160,"minecraft:wall_torch":9,"minecraft:birch_planks":5,"minecraft:coarse_dirt":68,"graveyard:oak_coffin":1,"minecraft:birch_log":125,"minecraft:stone_brick_stairs":3,"minecraft:grass":135,"minecraft:oak_log":536,"minecraft:coal_ore":37,"minecraft:gravel":37,"minecraft:sand":94,"minecraft:dirt":12816,"minecraft:cobweb":1,"graveyard:small_cyan_urn":1,"minecraft:stone_bricks":2,"minecraft:mossy_stone_bricks":2,"minecraft:oak_leaves":31,"minecraft:fern":4},"minecraft:used":{"minecraft:oak_fence":57,"minecraft:stone_shovel":95,"minecraft:chest":20,"minecraft:shield":50,"minecraft:iron_sword":8,"easy_emerald:amethyst_sword":232,"minecraft:oak_door":3,"minecraft:torch":53,"minecraft:dirt":1711,"minecraft:glass":3,"minecraft:iron_axe":549,"minecraft:birch_sapling":6,"connectedglass:borderless_glass":250,"minecraft:barrel":2,"minecraft:rabbit_stew":1,"minecraft:golden_carrot":1,"thalassophobia:cooked_fish_meat":23,"minecraft:oak_sapling":55,"minecraft:furnace":6,"minecraft:cobblestone_stairs":1011,"minecraft:birch_planks":260,"minecraft:stone_pickaxe":346,"minecraft:baked_potato":24,"minecraft:oak_planks":1110,"minecraft:wooden_pickaxe":9,"vanillaplustools:stone_shovel":3398,"minecraft:crafting_table":3,"minecraft:white_bed":6,"minecraft:oak_log":161,"minecraft:apple":4,"minecraft:bread":3,"minecraft:melon_slice":50,"minecraft:stone_axe":423,"minecraft:cobblestone":539,"minecraft:porkchop":1,"minecraft:cooked_porkchop":6,"minecraft:birch_log":5,"minecraft:birch_stairs":24}},"DataVersion":3465}