{"stats":{"minecraft:killed":{"graveyard:nightmare":1,"minecraft:spider":5,"minecraft:skeleton":7,"thalassophobia:crab":1,"minecraft:pig":2,"minecraft:wandering_trader":1,"minecraft:creeper":1,"minecraft:trader_llama":2,"minecraft:pillager":1,"minecraft:zombie":22},"minecraft:mined":{"minecraft:white_bed":4,"minecraft:mossy_stone_brick_slab":1,"minecraft:cobblestone_stairs":4,"gravestone:gravestone":2,"minecraft:grass_block":6267,"minecraft:moss_block":4,"minecraft:large_fern":1,"minecraft:hay_block":18,"minecraft:furnace":2,"graveyard:tg_moss_block":4,"minecraft:barrel":1,"minecraft:pumpkin":5,"minecraft:azure_bluet":1,"minecraft:peony":7,"minecraft:mossy_stone_brick_stairs":2,"minecraft:vine":1,"minecraft:dirt_path":3,"minecraft:azalea_leaves":1,"minecraft:stone":92,"minecraft:birch_stairs":4,"minecraft:stone_brick_slab":1,"minecraft:dandelion":1,"minecraft:crafting_table":1,"minecraft:torch":5,"minecraft:melon":6,"minecraft:chest":4,"graveyard:tg_grass_block":3,"minecraft:tall_grass":38,"minecraft:copper_ore":8,"minecraft:cobblestone":63,"minecraft:oak_planks":74,"minecraft:wall_torch":9,"minecraft:birch_planks":5,"minecraft:coarse_dirt":68,"graveyard:oak_coffin":1,"minecraft:birch_log":102,"minecraft:stone_brick_stairs":3,"minecraft:grass":128,"minecraft:oak_log":346,"minecraft:coal_ore":37,"minecraft:gravel":37,"minecraft:sand":2,"minecraft:dirt":12752,"minecraft:cobweb":1,"graveyard:small_cyan_urn":1,"minecraft:stone_bricks":2,"minecraft:mossy_stone_bricks":2,"minecraft:oak_leaves":10,"minecraft:fern":4},"minecraft:broken":{"minecraft:shield":1,"minecraft:iron_axe":2,"vanillaplustools:stone_shovel":24},"minecraft:used":{"minecraft:chest":16,"minecraft:shield":46,"easy_emerald:amethyst_sword":136,"minecraft:torch":49,"minecraft:dirt":1619,"minecraft:iron_axe":541,"minecraft:birch_sapling":1,"minecraft:rabbit_stew":1,"thalassophobia:cooked_fish_meat":17,"minecraft:furnace":5,"minecraft:oak_sapling":22,"minecraft:cobblestone_stairs":136,"minecraft:birch_planks":258,"minecraft:stone_pickaxe":210,"minecraft:oak_planks":543,"minecraft:wooden_pickaxe":9,"minecraft:crafting_table":3,"vanillaplustools:stone_shovel":3398,"minecraft:white_bed":6,"minecraft:oak_log":120,"minecraft:bread":3,"minecraft:melon_slice":50,"minecraft:stone_axe":70,"minecraft:cobblestone":486,"minecraft:porkchop":1,"minecraft:cooked_porkchop":6,"minecraft:birch_stairs":24},"minecraft:picked_up":{"minecraft:crafting_table":1,"minecraft:coarse_dirt":68,"minecraft:azure_bluet":1,"minecraft:splash_potion":2,"minecraft:rabbit_stew":1,"minecraft:lead":2,"minecraft:potion":1,"minecraft:stone_brick_stairs":3,"gravestone:obituary":2,"minecraft:cornflower":4,"minecraft:string":12,"minecraft:moss_carpet":2,"minecraft:raw_copper":34,"graveyard:corruption":1,"minecraft:poppy":5,"minecraft:melon_slice":64,"minecraft:sugar_cane":6,"minecraft:chest":4,"minecraft:birch_sapling":24,"minecraft:furnace":2,"minecraft:stick":144,"minecraft:bowl":2,"minecraft:torch":14,"minecraft:porkchop":10,"graveyard:small_cyan_urn":1,"minecraft:rotten_flesh":17,"minecraft:arrow":18,"minecraft:stone_shovel":9,"minecraft:peony":10,"thalassophobia:raw_crab":1,"minecraft:hay_block":17,"minecraft:red_tulip":2,"minecraft:cobblestone":170,"minecraft:white_wool":4,"minecraft:oxeye_daisy":3,"minecraft:birch_log":90,"minecraft:golden_carrot":10,"minecraft:leather":5,"minecraft:birch_planks":5,"minecraft:flint":9,"minecraft:chainmail_chestplate":1,"minecraft:oak_log":394,"minecraft:gunpowder":24,"minecraft:cobblestone_stairs":3,"minecraft:dirt":15363,"minecraft:bone":8,"minecraft:stone_bricks":3,"minecraft:apple":23,"minecraft:bow":1,"minecraft:wheat_seeds":229,"minecraft:stone_pickaxe":1,"minecraft:mossy_stone_bricks":3,"minecraft:oak_planks":71,"minecraft:iron_sword":1,"minecraft:mossy_stone_brick_stairs":2,"minecraft:sweet_berries":20,"minecraft:pumpkin":5,"minecraft:stone_brick_slab":1,"minecraft:dandelion":35,"minecraft:gravel":32,"minecraft:birch_stairs":4,"minecraft:sand":1,"minecraft:amethyst_shard":2,"minecraft:white_bed":5,"minecraft:spider_eye":1,"minecraft:barrel":1,"minecraft:spectral_arrow":6,"minecraft:mossy_stone_brick_slab":1,"graveyard:oak_coffin":1,"minecraft:diamond":1,"minecraft:emerald":9,"minecraft:bread":52,"minecraft:oak_sapling":198,"minecraft:coal":37,"iceandfire:raw_silver":5},"minecraft:dropped":{"iceandfire:raw_silver":4,"minecraft:oak_slab":6,"minecraft:birch_planks":1,"minecraft:wheat_seeds":196,"minecraft:cobblestone":3,"minecraft:mossy_stone_brick_stairs":2,"minecraft:coal":1,"minecraft:stick":50,"minecraft:flint":8,"minecraft:oxeye_daisy":3,"minecraft:dirt":66,"minecraft:cornflower":4,"gravestone:obituary":1,"minecraft:bone_meal":3,"easy_emerald:amethyst_juju":1,"minecraft:sand":1,"minecraft:string":12,"minecraft:birch_stairs":4,"minecraft:dandelion":32,"minecraft:stone_brick_slab":1,"minecraft:bone":1,"minecraft:gravel":32,"minecraft:moss_carpet":2,"minecraft:sugar_cane":6,"vanillaplustools:stone_shovel":1,"minecraft:raw_copper":15,"minecraft:bowl":1,"minecraft:birch_sapling":23,"thalassophobia:fish_scale":6,"minecraft:rotten_flesh":17,"minecraft:oak_planks":1,"minecraft:mossy_stone_brick_slab":1,"minecraft:azure_bluet":1,"thalassophobia:raw_crab":1,"minecraft:chainmail_chestplate":1,"minecraft:poppy":5,"graveyard:small_cyan_urn":1,"minecraft:gunpowder":12,"minecraft:peony":10,"minecraft:andesite":63,"minecraft:mossy_stone_bricks":3,"minecraft:oak_sapling":180,"minecraft:barrel":1,"minecraft:arrow":5,"minecraft:bow":1,"minecraft:stone_pickaxe":1,"minecraft:red_tulip":2,"minecraft:stone_brick_stairs":3},"minecraft:custom":{"minecraft:mob_kills":44,"minecraft:interact_with_crafting_table":46,"minecraft:open_barrel":26,"minecraft:leave_game":9,"minecraft:time_since_death":249332,"minecraft:climb_one_cm":436,"minecraft:sprint_one_cm":567509,"minecraft:walk_one_cm":1191641,"minecraft:damage_blocked_by_shield":1935,"minecraft:drop":110,"minecraft:talked_to_villager":1,"minecraft:play_time":268330,"minecraft:deaths":1,"minecraft:sneak_time":7588,"minecraft:walk_under_water_one_cm":2770,"minecraft:jump":2720,"minecraft:interact_with_blast_furnace":2,"minecraft:walk_on_water_one_cm":6009,"minecraft:total_world_time":268330,"minecraft:interact_with_furnace":4,"spartanshields:shield_bash_hits":1,"minecraft:sleep_in_bed":24,"minecraft:time_since_rest":7251,"minecraft:damage_taken":2275,"minecraft:damage_dealt":8620,"minecraft:fly_one_cm":528727,"minecraft:open_chest":109,"minecraft:crouch_one_cm":29920,"minecraft:interact_with_smoker":1,"minecraft:fall_one_cm":35557},"minecraft:killed_by":{"minecraft:creeper":1},"minecraft:crafted":{"minecraft:oak_planks":860,"minecraft:stone_shovel":249,"minecraft:furnace":3,"minecraft:cobblestone_stairs":136,"thalassophobia:cooked_fish_meat":13,"easy_emerald:amethyst_juju":1,"minecraft:iron_axe":1,"minecraft:stone_pickaxe":1,"minecraft:chest":12,"vanillaplustools:stone_shovel":27,"minecraft:wheat":153,"iceandfire:silver_ingot":1,"minecraft:crafting_table":1,"minecraft:wooden_pickaxe":1,"minecraft:birch_planks":360,"minecraft:stone_axe":1,"minecraft:air":0,"minecraft:bread":51,"easy_emerald:amethyst_sword":1,"minecraft:diamond_pickaxe":1,"minecraft:stick":528,"minecraft:iron_ingot":8,"minecraft:oak_stairs":28,"minecraft:torch":36,"minecraft:birch_stairs":24}},"DataVersion":3465}