{"stats":{"minecraft:killed":{"minecraft:spider":3,"minecraft:skeleton":7,"thalassophobia:crab":1,"minecraft:pig":1,"minecraft:wandering_trader":1,"minecraft:trader_llama":2,"minecraft:pillager":1,"minecraft:zombie":17},"minecraft:mined":{"minecraft:white_bed":4,"minecraft:mossy_stone_brick_slab":1,"gravestone:gravestone":2,"minecraft:grass_block":6267,"minecraft:moss_block":4,"minecraft:large_fern":1,"minecraft:hay_block":18,"minecraft:furnace":2,"graveyard:tg_moss_block":4,"minecraft:pumpkin":5,"minecraft:azure_bluet":1,"minecraft:peony":7,"minecraft:mossy_stone_brick_stairs":2,"minecraft:dirt_path":3,"minecraft:azalea_leaves":1,"minecraft:stone":92,"minecraft:stone_brick_slab":1,"minecraft:dandelion":1,"minecraft:torch":5,"minecraft:melon":6,"minecraft:chest":4,"graveyard:tg_grass_block":3,"minecraft:tall_grass":38,"minecraft:copper_ore":8,"minecraft:cobblestone":16,"minecraft:wall_torch":6,"minecraft:coarse_dirt":68,"graveyard:oak_coffin":1,"minecraft:birch_log":23,"minecraft:stone_brick_stairs":3,"minecraft:grass":94,"minecraft:oak_log":203,"minecraft:coal_ore":37,"minecraft:gravel":37,"minecraft:sand":2,"minecraft:dirt":12752,"minecraft:cobweb":1,"graveyard:small_cyan_urn":1,"minecraft:stone_bricks":2,"minecraft:mossy_stone_bricks":2,"minecraft:oak_leaves":5,"minecraft:fern":2},"minecraft:broken":{"minecraft:shield":1,"minecraft:iron_axe":1,"vanillaplustools:stone_shovel":24},"minecraft:used":{"minecraft:chest":16,"minecraft:shield":46,"easy_emerald:amethyst_sword":106,"minecraft:torch":21,"minecraft:dirt":1578,"minecraft:iron_axe":267,"minecraft:birch_sapling":1,"minecraft:rabbit_stew":1,"thalassophobia:cooked_fish_meat":6,"minecraft:furnace":4,"minecraft:oak_sapling":7,"minecraft:stone_pickaxe":159,"minecraft:wooden_pickaxe":9,"minecraft:crafting_table":2,"vanillaplustools:stone_shovel":3398,"minecraft:white_bed":6,"minecraft:bread":3,"minecraft:melon_slice":50,"minecraft:cobblestone":1,"minecraft:porkchop":1,"minecraft:cooked_porkchop":6},"minecraft:picked_up":{"minecraft:coarse_dirt":68,"minecraft:azure_bluet":1,"minecraft:splash_potion":2,"minecraft:rabbit_stew":1,"minecraft:lead":2,"minecraft:potion":1,"minecraft:stone_brick_stairs":3,"gravestone:obituary":2,"minecraft:cornflower":4,"minecraft:string":11,"minecraft:raw_copper":34,"minecraft:poppy":5,"minecraft:melon_slice":64,"minecraft:sugar_cane":6,"minecraft:chest":4,"minecraft:birch_sapling":1,"minecraft:furnace":2,"minecraft:stick":105,"minecraft:bowl":2,"minecraft:torch":11,"minecraft:porkchop":7,"graveyard:small_cyan_urn":1,"minecraft:rotten_flesh":16,"minecraft:arrow":17,"minecraft:stone_shovel":9,"minecraft:peony":10,"thalassophobia:raw_crab":1,"minecraft:hay_block":17,"minecraft:red_tulip":2,"minecraft:cobblestone":122,"minecraft:white_wool":4,"minecraft:oxeye_daisy":1,"minecraft:birch_log":16,"minecraft:golden_carrot":10,"minecraft:leather":5,"minecraft:flint":9,"minecraft:oak_log":249,"minecraft:gunpowder":24,"minecraft:dirt":15351,"minecraft:bone":8,"minecraft:stone_bricks":3,"minecraft:apple":12,"minecraft:wheat_seeds":225,"minecraft:stone_pickaxe":1,"minecraft:mossy_stone_bricks":3,"minecraft:iron_sword":1,"minecraft:mossy_stone_brick_stairs":2,"minecraft:sweet_berries":20,"minecraft:pumpkin":5,"minecraft:stone_brick_slab":1,"minecraft:dandelion":35,"minecraft:gravel":32,"minecraft:sand":1,"minecraft:amethyst_shard":2,"minecraft:white_bed":5,"minecraft:spectral_arrow":6,"minecraft:mossy_stone_brick_slab":1,"graveyard:oak_coffin":1,"minecraft:diamond":1,"minecraft:emerald":9,"minecraft:bread":52,"minecraft:oak_sapling":94,"minecraft:coal":37,"iceandfire:raw_silver":5},"minecraft:dropped":{"iceandfire:raw_silver":4,"minecraft:wheat_seeds":195,"minecraft:cobblestone":3,"minecraft:mossy_stone_brick_stairs":2,"minecraft:coal":1,"minecraft:stick":50,"minecraft:flint":8,"minecraft:oxeye_daisy":1,"minecraft:dirt":2,"minecraft:cornflower":4,"gravestone:obituary":1,"easy_emerald:amethyst_juju":1,"minecraft:sand":1,"minecraft:string":11,"minecraft:dandelion":32,"minecraft:stone_brick_slab":1,"minecraft:bone":1,"minecraft:gravel":32,"minecraft:sugar_cane":6,"vanillaplustools:stone_shovel":1,"minecraft:raw_copper":15,"minecraft:bowl":1,"minecraft:rotten_flesh":16,"minecraft:oak_planks":1,"minecraft:mossy_stone_brick_slab":1,"minecraft:azure_bluet":1,"thalassophobia:raw_crab":1,"minecraft:poppy":5,"graveyard:small_cyan_urn":1,"minecraft:gunpowder":12,"minecraft:peony":10,"minecraft:mossy_stone_bricks":3,"minecraft:oak_sapling":85,"minecraft:arrow":4,"minecraft:stone_pickaxe":1,"minecraft:red_tulip":2,"minecraft:stone_brick_stairs":3},"minecraft:custom":{"minecraft:mob_kills":33,"minecraft:interact_with_crafting_table":35,"minecraft:open_barrel":14,"minecraft:leave_game":9,"minecraft:time_since_death":165332,"minecraft:climb_one_cm":436,"minecraft:sprint_one_cm":368143,"minecraft:walk_one_cm":828497,"minecraft:damage_blocked_by_shield":1935,"minecraft:drop":87,"minecraft:talked_to_villager":1,"minecraft:play_time":184330,"minecraft:deaths":1,"minecraft:sneak_time":1064,"minecraft:walk_under_water_one_cm":2469,"minecraft:jump":1839,"minecraft:interact_with_blast_furnace":2,"minecraft:walk_on_water_one_cm":4723,"minecraft:total_world_time":184330,"minecraft:interact_with_furnace":2,"spartanshields:shield_bash_hits":1,"minecraft:sleep_in_bed":16,"minecraft:time_since_rest":17528,"minecraft:damage_taken":1732,"minecraft:damage_dealt":6978,"minecraft:fly_one_cm":352866,"minecraft:open_chest":96,"minecraft:crouch_one_cm":2326,"minecraft:fall_one_cm":18973},"minecraft:killed_by":{"minecraft:creeper":1},"minecraft:crafted":{"minecraft:oak_planks":620,"minecraft:stone_shovel":249,"minecraft:furnace":2,"easy_emerald:amethyst_juju":1,"minecraft:stone_pickaxe":1,"minecraft:chest":12,"vanillaplustools:stone_shovel":27,"minecraft:wheat":153,"iceandfire:silver_ingot":1,"minecraft:crafting_table":1,"minecraft:wooden_pickaxe":1,"minecraft:birch_planks":64,"minecraft:bread":51,"easy_emerald:amethyst_sword":1,"minecraft:diamond_pickaxe":1,"minecraft:stick":520,"minecraft:iron_ingot":8,"minecraft:torch":36}},"DataVersion":3465}