{"stats":{"minecraft:crafted":{"easy_emerald:amethyst_head":2,"minecraft:birch_slab":18,"travelersbackpack:enderman":1,"magistuarmory:iron_shortsword":1,"connectedglass:borderless_glass":264,"minecraft:cooked_mutton":3,"minecraft:glass":272,"easy_emerald:emerald_sword":1,"minecraft:iron_door":3,"vanillaplustools:stone_shovel":27,"iceandfire:armor_gray_boots":1,"minecraft:wooden_shovel":2,"minecraft:cooked_porkchop":2,"travelersbackpack:standard":2,"magistuarmory:iron_target":1,"iceandfire:armor_gray_chestplate":1,"minecraft:golden_leggings":1,"easy_emerald:obsidian_bow":5,"minecraft:iron_block":3,"minecraft:gold_ingot":119,"minecraft:birch_stairs":36,"minecraft:stone_shovel":250,"travelersbackpack:white_sleeping_bag":1,"easy_emerald:amethyst_leggings":2,"minecraft:stone_pickaxe":5,"easy_emerald:bow_template":12,"easy_emerald:amethyst_body":2,"magistuarmory:woolen_fabric":4,"minecraft:wheat":153,"iceandfire:dragonbone_sword":1,"minecraft:golden_apple":27,"minecraft:oak_stairs":28,"easy_emerald:ruby_juju":1,"minecraft:oak_planks":1584,"minecraft:cooked_chicken":2,"iceandfire:ghost_sword":1,"minecraft:cobblestone_stairs":1076,"minecraft:stone":42,"thalassophobia:cooked_fish_meat":13,"easy_emerald:amethyst_juju":2,"minecraft:bow":4,"minecraft:iron_boots":1,"iceandfire:armor_gray_helmet":1,"minecraft:chest":22,"minecraft:birch_button":2,"minecraft:oak_fence":57,"magistuarmory:steel_nugget":18,"minecraft:arrow":4,"minecraft:crafting_table":5,"minecraft:wooden_pickaxe":1,"minecraft:baked_potato":173,"minecraft:birch_planks":592,"easy_emerald:amethyst_sword":2,"minecraft:iron_chestplate":1,"minecraft:diamond_pickaxe":1,"minecraft:stick":588,"minecraft:iron_ingot":8,"magistuarmory:leather_strip":6,"minecraft:oak_door":3,"iceandfire:armor_gray_leggings":1,"magistuarmory:iron_claymore":1,"minecraft:furnace":6,"easy_emerald:amethyst_boots":2,"minecraft:oak_trapdoor":4,"magistuarmory:hilt":1,"minecraft:iron_axe":2,"magistuarmory:steel_ingot":15,"minecraft:cobblestone_wall":12,"minecraft:cooked_beef":9,"easy_emerald:ruby":1,"iceandfire:silver_ingot":1,"magistuarmory:barbedclub":1,"travelersbackpack:backpack_tank":4,"minecraft:bucket":3,"minecraft:stone_axe":4,"minecraft:bread":51,"minecraft:air":0,"minecraft:oak_boat":1,"minecraft:anvil":1,"minecraft:acacia_planks":20,"minecraft:torch":40},"minecraft:dropped":{"iceandfire:raw_silver":4,"minecraft:porkchop":1,"minecraft:mossy_stone_brick_stairs":2,"xpbook:xp_tome":1,"minecraft:dirt":261,"minecraft:bone_meal":9,"minecraft:sand":1,"minecraft:birch_stairs":4,"sons_of_sins:flesh_of_demise":2,"minecraft:bone":8,"magistuarmory:rustedchainmail_leggings":1,"minecraft:sugar_cane":6,"vanillaplustools:stone_shovel":1,"minecraft:polished_andesite_slab":2,"minecraft:cobbled_deepslate":1,"minecraft:birch_sapling":23,"minecraft:rotten_flesh":41,"minecraft:oak_planks":57,"minecraft:azure_bluet":1,"easy_emerald:amethyst_body":1,"graveyard:small_cyan_urn":1,"cavesanddepths:cobbled_slate":46,"minecraft:stone_brick_stairs":3,"minecraft:egg":1,"minecraft:wheat_seeds":242,"minecraft:tnt":3,"minecraft:cobblestone":68,"minecraft:iron_helmet":1,"minecraft:coal":1,"minecraft:golden_apple":14,"minecraft:oxeye_daisy":3,"minecraft:golden_carrot":18,"cavesanddepths:tallmossybush":1,"minecraft:string":30,"minecraft:stone_brick_slab":1,"minecraft:moss_carpet":4,"thalassophobia:raw_fish_meat":6,"minecraft:bowl":6,"minecraft:deepslate":2,"cavesanddepths:azalea_flower":1,"thalassophobia:fish_scale":14,"minecraft:clay_ball":46,"minecraft:iron_boots":2,"magistuarmory:rusted_heavymace":1,"thalassophobia:raw_crab":1,"minecraft:diamond_sword":1,"minecraft:stone":43,"minecraft:peony":10,"minecraft:diamond_pickaxe":2,"easy_emerald:obsidian_bow":2,"minecraft:stone_bricks":3,"minecraft:barrel":1,"minecraft:spider_eye":5,"minecraft:bow":1,"minecraft:red_tulip":2,"magistuarmory:barbedclub":1,"minecraft:birch_planks":1,"minecraft:oak_log":15,"minecraft:baked_potato":26,"minecraft:leather":5,"minecraft:jungle_planks":1,"travelersbackpack:standard":1,"minecraft:raw_gold_block":37,"minecraft:flint":9,"minecraft:cornflower":4,"gravestone:obituary":25,"minecraft:amethyst_shard":2,"minecraft:axolotl_bucket":1,"minecraft:birch_log":10,"minecraft:gravel":32,"iceandfire:ghost_sword":1,"minecraft:mossy_stone_brick_slab":1,"minecraft:chainmail_chestplate":4,"easy_emerald:amethyst_sword":1,"minecraft:poppy":6,"minecraft:gunpowder":17,"minecraft:beetroot_seeds":4,"minecraft:iron_ore":2,"minecraft:arrow":32,"netherexp:cooked_hogham":1,"easy_emerald:amethyst_head":1,"easy_emerald:amethyst_boots":1,"minecraft:water_bucket":1,"minecraft:oak_slab":6,"minecraft:mossy_cobblestone":7,"iceandfire:myrmex_jungle_egg":1,"minecraft:diamond_leggings":1,"minecraft:golden_axe":1,"minecraft:stick":50,"minecraft:diorite":14,"cavesanddepths:lush_fruit":2,"iceandfire:myrmex_jungle_biolight":6,"minecraft:melon_slice":6,"minecraft:iron_leggings":2,"easy_emerald:amethyst_juju":1,"minecraft:dandelion":32,"minecraft:redstone":1,"easy_emerald:emerald_sword":1,"minecraft:raw_copper":64,"iceandfire:silver_ore":1,"iceandfire:troll_weapon_hammer":1,"minecraft:shield":3,"minecraft:iron_chestplate":3,"minecraft:andesite":67,"minecraft:mossy_stone_bricks":3,"minecraft:oak_sapling":180,"thalassophobia:tooth":16,"minecraft:stone_pickaxe":1,"easy_emerald:amethyst_leggings":1},"minecraft:mined":{"minecraft:dark_oak_planks":4,"minecraft:white_bed":4,"minecraft:red_nether_bricks":1,"minecraft:coal_block":12,"minecraft:chiseled_stone_bricks":1,"minecraft:spawner":56,"minecraft:tall_seagrass":2,"minecraft:mossy_cobblestone_stairs":3,"minecraft:fire":37,"minecraft:barrel":5,"minecraft:pumpkin":5,"minecraft:nether_brick_stairs":8,"iceandfire:gold_pile":92,"minecraft:dirt_path":3,"minecraft:small_amethyst_bud":4,"minecraft:amethyst_cluster":16,"faded_conquest_2:skull_pile":2,"minecraft:torch":8,"minecraft:melon":18,"minecraft:glass":3,"minecraft:amethyst_block":379,"minecraft:skeleton_skull":1,"graveyard:oak_coffin":1,"minecraft:jukebox":1,"minecraft:stone_brick_stairs":3,"minecraft:grass":172,"minecraft:deepslate":4,"minecraft:mossy_cobblestone":2,"minecraft:jack_o_lantern":1,"minecraft:nether_bricks":5,"minecraft:jungle_planks":2,"minecraft:moss_block":7,"minecraft:packed_mud":1,"graveyard:tg_moss_block":4,"minecraft:mossy_stone_brick_stairs":3,"minecraft:potatoes":21,"minecraft:vine":37,"minecraft:green_wool":3,"minecraft:smithing_table":1,"minecraft:birch_stairs":43,"minecraft:redstone_block":4,"cavesanddepths:chert":1,"minecraft:stone_brick_slab":3,"minecraft:dandelion":1,"minecraft:tall_grass":40,"minecraft:copper_ore":8,"minecraft:coarse_dirt":70,"betterarcheology:loot_vase_creeper":1,"minecraft:birch_leaves":3,"minecraft:gravel":66,"minecraft:cobweb":3,"minecraft:acacia_planks":1,"minecraft:stone_bricks":6,"minecraft:chipped_anvil":1,"minecraft:fern":7,"minecraft:large_amethyst_bud":11,"minecraft:spruce_planks":20,"connectedglass:borderless_glass":1,"minecraft:mossy_stone_brick_slab":1,"minecraft:cobblestone_stairs":127,"minecraft:sculk_vein":11,"minecraft:budding_amethyst":29,"minecraft:grass_block":6539,"betterarcheology:chiseled_bone_block":1,"minecraft:azure_bluet":1,"minecraft:dark_oak_stairs":1,"minecraft:iron_bars":11,"minecraft:azalea_leaves":1,"minecraft:quartz_block":15,"iceandfire:myrmex_resin_jungle":1,"minecraft:medium_amethyst_bud":15,"minecraft:clay":1,"minecraft:calcite":24,"minecraft:poppy":1,"minecraft:chest":7,"minecraft:cobblestone":323,"minecraft:birch_wood":2,"minecraft:oak_planks":206,"minecraft:wall_torch":20,"minecraft:light_weighted_pressure_plate":2,"cavesanddepths:slate":4,"minecraft:birch_log":232,"minecraft:tnt":4,"minecraft:oak_log":539,"minecraft:beetroots":1,"minecraft:sand":113,"minecraft:dirt":12864,"graveyard:small_cyan_urn":1,"minecraft:wither_skeleton_skull":3,"minecraft:netherrack":3,"minecraft:oak_leaves":35,"minecraft:oak_door":1,"gravestone:gravestone":37,"minecraft:polished_andesite_slab":4,"minecraft:rooted_dirt":5,"minecraft:large_fern":3,"minecraft:hay_block":18,"iceandfire:jungle_myrmex_cocoon":2,"minecraft:oak_trapdoor":1,"minecraft:furnace":2,"minecraft:raw_gold_block":37,"minecraft:chiseled_deepslate":1,"minecraft:peony":7,"minecraft:bookshelf":2,"minecraft:lantern":2,"minecraft:stone":305,"minecraft:podzol":1,"minecraft:red_wool":1,"minecraft:crafting_table":6,"minecraft:oak_wood":1,"minecraft:andesite_slab":3,"graveyard:tg_grass_block":3,"minecraft:sculk":14,"minecraft:birch_planks":38,"iceandfire:myrmex_jungle_biolight":9,"betterarcheology:loot_vase_green":2,"minecraft:coal_ore":52,"minecraft:cracked_stone_bricks":5,"minecraft:stripped_acacia_wood":10,"minecraft:polished_andesite":13,"minecraft:mossy_stone_bricks":7},"minecraft:custom":{"minecraft:interact_with_crafting_table":152,"minecraft:open_barrel":289,"minecraft:leave_game":13,"minecraft:time_since_death":29601,"minecraft:damage_blocked_by_shield":7805,"minecraft:play_time":1012826,"minecraft:deaths":47,"minecraft:jump":9985,"minecraft:enchant_item":1,"minecraft:interact_with_furnace":78,"minecraft:sleep_in_bed":52,"minecraft:damage_dealt":70402,"minecraft:interact_with_smoker":33,"minecraft:interact_with_smithing_table":10,"minecraft:interact_with_anvil":7,"minecraft:sneak_time":29031,"minecraft:interact_with_blast_furnace":10,"minecraft:total_world_time":1012826,"minecraft:interact_with_stonecutter":2,"minecraft:time_since_rest":29634,"minecraft:swim_one_cm":29896,"minecraft:fly_one_cm":1906779,"minecraft:open_chest":560,"minecraft:fall_one_cm":135682,"minecraft:sprint_one_cm":2289650,"minecraft:drop":279,"minecraft:talked_to_villager":3,"minecraft:walk_on_water_one_cm":151324,"minecraft:player_kills":6,"minecraft:crouch_one_cm":110724,"minecraft:mob_kills":440,"minecraft:damage_dealt_resisted":24090,"minecraft:climb_one_cm":17486,"minecraft:walk_one_cm":3896141,"minecraft:walk_under_water_one_cm":110283,"minecraft:boat_one_cm":44840,"spartanshields:shield_bash_hits":10,"minecraft:damage_taken":26789,"minecraft:damage_absorbed":682,"minecraft:trigger_trapped_chest":3},"minecraft:broken":{"easy_emerald:obsidian_body":1,"minecraft:iron_sword":1,"minecraft:shield":2,"minecraft:iron_axe":3,"minecraft:iron_helmet":1,"vanillaplustools:stone_shovel":24,"minecraft:stone_pickaxe":3,"minecraft:stone_axe":2,"minecraft:stone_shovel":2,"minecraft:golden_pickaxe":1},"minecraft:killed_by":{"minecraft:zombie":3,"minecraft:stray":1,"thalassophobia:megapiranha":3,"minecraft:wither_skeleton":3,"minecraft:creeper":6,"graveyard:skeleton_creeper":1,"minecraft:silverfish":1,"iceandfire:myrmex_queen":1,"iceandfire:fire_dragon":12,"minecraft:player":4,"minecraft:enderman":1,"faded_conquest_2:faded_king":1,"minecraft:hoglin":4,"minecraft:skeleton":3,"faded_conquest_2:the_plauge_bringer":1},"minecraft:used":{"minecraft:beetroot":4,"minecraft:jack_o_lantern":1,"minecraft:poppy":2,"minecraft:chest":27,"minecraft:birch_sapling":6,"minecraft:rabbit_stew":1,"minecraft:bow":2,"minecraft:furnace":8,"minecraft:oak_sapling":55,"minecraft:egg":2,"minecraft:potato":24,"iceandfire:troll_weapon_hammer":1,"minecraft:diorite":2,"minecraft:chorus_fruit":1,"minecraft:wooden_pickaxe":9,"minecraft:mossy_stone_brick_stairs":1,"minecraft:golden_apple":17,"minecraft:sand":1,"minecraft:birch_slab":20,"iceandfire:myrmex_resin_jungle":1,"minecraft:diamond_sword":609,"minecraft:smithing_table":1,"minecraft:birch_log":5,"minecraft:oak_boat":7,"minecraft:oak_trapdoor":4,"faded_conquest_2:skull_pile":2,"minecraft:iron_bars":11,"graveyard:oak_coffin":1,"minecraft:torch":132,"minecraft:anvil":1,"minecraft:mossy_cobblestone_stairs":1,"minecraft:iron_axe":825,"minecraft:light_weighted_pressure_plate":2,"minecraft:barrel":4,"cavesanddepths:cobbled_slate":10,"minecraft:beef":2,"minecraft:acacia_planks":5,"minecraft:cobbled_deepslate":2,"minecraft:calcite":30,"minecraft:water_bucket":4,"minecraft:birch_planks":423,"minecraft:mossy_cobblestone":1,"minecraft:orange_carpet":3,"cavesanddepths:chert":13,"minecraft:crafting_table":10,"deep_dark_regrowth:sculk_soil":1,"vanillaplustools:stone_shovel":3398,"minecraft:white_bed":6,"minecraft:oak_log":163,"minecraft:diamond_pickaxe":21,"netherexp:cooked_hogham":10,"minecraft:suspicious_stew":3,"minecraft:iron_pickaxe":966,"iceandfire:myrmex_jungle_egg":6,"minecraft:chiseled_stone_bricks":1,"minecraft:cobblestone":1103,"minecraft:potion":6,"travelersbackpack:standard":5,"easy_emerald:obsidian_bow":203,"minecraft:cooked_porkchop":10,"minecraft:porkchop":1,"minecraft:moss_carpet":2,"iceandfire:ghost_sword":330,"minecraft:shield":107,"minecraft:iron_sword":14,"easy_emerald:amethyst_sword":493,"minecraft:nether_bricks":1,"minecraft:glass":3,"minecraft:lantern":2,"minecraft:packed_mud":1,"minecraft:stone_bricks":2,"minecraft:golden_sword":9,"minecraft:birch_button":2,"minecraft:skeleton_skull":2,"minecraft:wither_skeleton_skull":2,"minecraft:stone_pickaxe":577,"minecraft:oak_planks":1168,"minecraft:bread":7,"minecraft:melon_slice":102,"minecraft:iron_door":4,"minecraft:deepslate":2,"minecraft:golden_pickaxe":32,"minecraft:oak_fence":57,"minecraft:stone_shovel":250,"minecraft:spruce_planks":20,"minecraft:wooden_shovel":1,"minecraft:cooked_chicken":3,"minecraft:oak_door":3,"minecraft:dirt":1897,"iceandfire:pixie_dust":1,"minecraft:cobblestone_wall":10,"minecraft:stone_brick_slab":2,"minecraft:dark_oak_planks":54,"connectedglass:borderless_glass":261,"minecraft:golden_carrot":11,"thalassophobia:cooked_fish_meat":23,"magistuarmory:iron_claymore":14,"minecraft:cooked_beef":11,"thalassophobia:raw_fish_meat":3,"minecraft:cooked_mutton":3,"minecraft:amethyst_block":5,"iceandfire:myrmex_jungle_biolight":1,"minecraft:cobblestone_stairs":1017,"minecraft:baked_potato":124,"minecraft:red_nether_bricks":1,"magistuarmory:barbedclub":4,"magistuarmory:iron_target":45,"minecraft:painting":2,"minecraft:apple":4,"faded_conquest_2:war_claymore":1,"minecraft:map":1,"minecraft:stone_axe":459,"minecraft:white_banner":1,"minecraft:bucket":12,"minecraft:splash_potion":4,"minecraft:birch_stairs":64},"minecraft:picked_up":{"minecraft:iron_chestplate":2,"minecraft:chainmail_boots":2,"minecraft:suspicious_stew":1,"minecraft:diamond_sword":2,"minecraft:smithing_table":1,"minecraft:lead":4,"minecraft:oak_stairs":3,"netherexp:hogham":52,"thalassophobia:tooth":17,"minecraft:amethyst_block":281,"minecraft:string":66,"minecraft:red_nether_bricks":1,"minecraft:beetroot":4,"minecraft:diamond_leggings":2,"minecraft:gold_nugget":948,"minecraft:cobbled_deepslate":3,"minecraft:spruce_planks":36,"minecraft:coal_block":10,"minecraft:melon_slice":168,"iceandfire:ghost_sword":1,"minecraft:golden_helmet":2,"minecraft:jukebox":1,"iceandfire:silver_ore":1,"magistuarmory:rusted_heavymace":3,"minecraft:golden_axe":1,"magistuarmory:rustedcrusader_chestplate":1,"minecraft:golden_chestplate":3,"netherexp:cooked_hogham":14,"thalassophobia:raw_crab":1,"faded_conquest_2:skull_pile":2,"iceandfire:fire_dragon_heart":1,"minecraft:red_tulip":2,"minecraft:iron_bars":19,"minecraft:birch_log":215,"minecraft:feather":1,"magistuarmory:rustedchainmail_boots":2,"minecraft:iron_door":3,"minecraft:birch_slab":2,"minecraft:flint":14,"minecraft:lantern":2,"faded_conquest_2:keyof_pestilence":1,"minecraft:chipped_anvil":1,"minecraft:diamond_helmet":1,"minecraft:stripped_acacia_wood":5,"iceandfire:dragon_skull_fire":1,"iceandfire:myrmex_stinger":1,"minecraft:barrel":5,"graveyard:oak_coffin":2,"minecraft:deepslate":4,"cavesanddepths:tallmossybush":1,"minecraft:bread":52,"minecraft:chainmail_helmet":2,"iceandfire:troll_leather_forest":6,"minecraft:jack_o_lantern":1,"iceandfire:raw_silver":5,"minecraft:diamond_pickaxe":3,"iceandfire:dragon_skull_lightning":1,"minecraft:crafting_table":5,"minecraft:coarse_dirt":69,"iceandfire:witherbone":20,"minecraft:clay_ball":46,"minecraft:leather_leggings":2,"minecraft:golden_pickaxe":1,"gravestone:obituary":24,"minecraft:cornflower":4,"minecraft:iron_shovel":4,"iceandfire:ghost_ingot":1,"minecraft:cracked_stone_bricks":1,"minecraft:beef":8,"minecraft:iron_nugget":12,"minecraft:poppy":8,"minecraft:chest":9,"minecraft:birch_sapling":43,"minecraft:egg":3,"minecraft:stone":43,"minecraft:raw_gold_block":37,"minecraft:oak_door":1,"magistuarmory:rustedbarbute":1,"minecraft:carrot":27,"graveyard:small_cyan_urn":1,"minecraft:redstone":1,"minecraft:tnt":3,"minecraft:stone_shovel":10,"minecraft:beetroot_seeds":17,"minecraft:peony":10,"minecraft:shears":1,"minecraft:hay_block":17,"cavesanddepths:cobbled_slate":56,"minecraft:gold_ingot":2,"minecraft:mutton":3,"cavesanddepths:lush_fruit":2,"minecraft:bone_block":4,"minecraft:white_wool":17,"minecraft:oxeye_daisy":3,"magistuarmory:rustedhalfarmor_chestplate":4,"minecraft:packed_mud":1,"minecraft:oak_log":578,"minecraft:golden_boots":3,"iceandfire:myrmex_resin_jungle":1,"minecraft:paper":4,"minecraft:white_banner":1,"minecraft:apple":31,"minecraft:stone_bricks":11,"minecraft:stone_pickaxe":1,"minecraft:iron_ore":2,"minecraft:iron_sword":5,"minecraft:dark_oak_stairs":2,"minecraft:sweet_berries":20,"minecraft:birch_stairs":43,"minecraft:gravel":58,"magistuarmory:rustedchainmail_leggings":2,"minecraft:leather_helmet":1,"minecraft:oak_wood":1,"thalassophobia:panderodus_eye":1,"travelersbackpack:standard":1,"minecraft:stone_axe":1,"faded_conquest_2:war_claymore":1,"iceandfire:myrmex_jungle_egg":8,"minecraft:diamond_axe":1,"minecraft:painting":2,"minecraft:baked_potato":4,"minecraft:nether_brick_fence":7,"minecraft:wheat":8,"iceandfire:troll_weapon_hammer":1,"minecraft:redstone_block":4,"faded_conquest_2:key_of_war":1,"minecraft:potion":2,"iceandfire:myrmex_jungle_chitin":15,"easy_emerald:ruby_juju":1,"minecraft:stone_brick_stairs":4,"minecraft:raw_copper":34,"minecraft:iron_leggings":5,"cavesanddepths:chert":13,"minecraft:bucket":1,"minecraft:light_weighted_pressure_plate":2,"easy_emerald:amethyst_juju":1,"minecraft:calcite":30,"minecraft:iron_pickaxe":3,"minecraft:furnace":2,"minecraft:iron_boots":1,"minecraft:tipped_arrow":10,"iceandfire:pixie_dust":1,"minecraft:stick":204,"minecraft:torch":67,"minecraft:porkchop":17,"minecraft:diorite":30,"minecraft:quartz_block":12,"minecraft:rotten_flesh":128,"minecraft:green_wool":3,"minecraft:cobblestone":4891,"minecraft:leather_chestplate":1,"minecraft:golden_leggings":1,"minecraft:andesite":4,"minecraft:orange_carpet":3,"easy_emerald:amethyst_sword":1,"easy_emerald:obsidian_body":1,"minecraft:potato":105,"minecraft:wither_skeleton_skull":3,"minecraft:dirt":15963,"minecraft:bone":101,"minecraft:acacia_planks":1,"iceandfire:myrmex_jungle_resin":12,"minecraft:bow":6,"minecraft:wheat_seeds":277,"minecraft:birch_wood":1,"easy_emerald:obsidian_bow":1,"minecraft:mossy_stone_bricks":5,"minecraft:mossy_stone_brick_stairs":3,"minecraft:oak_planks":220,"iceandfire:amphithere_feather":4,"minecraft:axolotl_bucket":1,"minecraft:jungle_planks":3,"minecraft:sand":111,"minecraft:nether_brick_stairs":6,"magistuarmory:rustedgreathelm":1,"minecraft:spectral_arrow":14,"sons_of_sins:flesh_of_demise":3,"minecraft:mossy_cobblestone":8,"travelersbackpack:white_sleeping_bag":2,"minecraft:diamond":1,"minecraft:bone_meal":8,"minecraft:golden_apple":3,"iceandfire:myrmex_jungle_biolight":7,"minecraft:emerald":9,"minecraft:oak_sapling":261,"minecraft:netherrack":3,"minecraft:andesite_slab":3,"minecraft:azure_bluet":1,"minecraft:chicken":5,"minecraft:splash_potion":5,"magistuarmory:barbedclub":1,"minecraft:rabbit_stew":1,"minecraft:shield":7,"minecraft:oak_trapdoor":1,"minecraft:moss_carpet":5,"graveyard:corruption":1,"minecraft:oak_boat":7,"deep_dark_regrowth:sculk_soil":1,"minecraft:sugar_cane":6,"minecraft:spruce_trapdoor":1,"thalassophobia:raw_fish_meat":10,"iceandfire:dragonscales_gray":24,"iceandfire:dragonbone":13,"minecraft:bowl":5,"magistuarmory:rustedkettlehat":1,"minecraft:arrow":89,"minecraft:nether_bricks":9,"thalassophobia:fish_scale":9,"minecraft:skeleton_skull":1,"minecraft:golden_carrot":17,"minecraft:leather":32,"minecraft:birch_planks":48,"minecraft:chainmail_chestplate":4,"iceandfire:ectoplasm":1,"minecraft:gunpowder":46,"minecraft:cobblestone_stairs":125,"minecraft:cooked_mutton":1,"minecraft:iron_ingot":6,"minecraft:cooked_chicken":2,"cavesanddepths:azalea_flower":1,"minecraft:polished_andesite_slab":4,"minecraft:book":9,"minecraft:black_candle":4,"minecraft:pumpkin":5,"magistuarmory:rustedchainmail_chestplate":2,"minecraft:chiseled_stone_bricks":1,"minecraft:stone_brick_slab":3,"minecraft:dandelion":35,"minecraft:amethyst_shard":98,"minecraft:white_bed":5,"minecraft:mossy_stone_brick_slab":1,"minecraft:spider_eye":10,"magistuarmory:rustedchainmail_helmet":1,"xpbook:xp_tome":2,"magistuarmory:rusted_bastardsword":2,"magistuarmory:rustedcrusader_boots":3,"minecraft:chainmail_leggings":2,"minecraft:iron_helmet":2,"minecraft:mossy_cobblestone_stairs":2,"minecraft:black_wool":1,"minecraft:coal":58},"minecraft:killed":{"minecraft:cave_spider":7,"minecraft:skeleton":60,"minecraft:chicken":5,"iceandfire:myrmex_worker":6,"minecraft:pillager":6,"minecraft:zombie":161,"iceandfire:myrmex_queen":1,"faded_conquest_2:pbdowned":1,"minecraft:cow":5,"graveyard:nightmare":1,"thalassophobia:megapiranha":5,"faded_conquest_2:the_plauge_bringerp_2":1,"unusualfishmod:ripper":2,"thalassophobia:panderodus":1,"graveyard:ghoul":1,"minecraft:wandering_trader":2,"iceandfire:ghost":6,"minecraft:enderman":1,"minecraft:spider":35,"iceandfire:myrmex_royal":1,"minecraft:silverfish":7,"faded_conquest_2:mimic":3,"minecraft:piglin_brute":1,"minecraft:piglin":2,"minecraft:pig":6,"minecraft:zombie_villager":2,"minecraft:creeper":12,"minecraft:sheep":2,"minecraft:trader_llama":4,"minecraft:stray":24,"iceandfire:myrmex_sentinel":1,"thalassophobia:crab":1,"faded_conquest_2:the_plauge_bringer":1,"iceandfire:amphithere":1,"iceandfire:troll":1,"minecraft:hoglin":13,"iceandfire:myrmex_soldier":4,"sons_of_sins:betrayed_guzzler":2,"minecraft:wither_skeleton":25}},"DataVersion":3465}