{"stats":{"minecraft:crafted":{"minecraft:oak_planks":1584,"minecraft:cooked_chicken":2,"iceandfire:ghost_sword":1,"easy_emerald:amethyst_head":2,"minecraft:birch_slab":18,"travelersbackpack:enderman":1,"minecraft:stone":42,"minecraft:cobblestone_stairs":1076,"thalassophobia:cooked_fish_meat":13,"magistuarmory:iron_shortsword":1,"easy_emerald:amethyst_juju":2,"connectedglass:borderless_glass":264,"minecraft:cooked_mutton":3,"minecraft:glass":272,"minecraft:bow":4,"minecraft:iron_boots":1,"easy_emerald:emerald_sword":1,"iceandfire:armor_gray_helmet":1,"minecraft:chest":22,"minecraft:iron_door":3,"vanillaplustools:stone_shovel":27,"minecraft:birch_button":2,"minecraft:oak_fence":57,"magistuarmory:steel_nugget":18,"iceandfire:armor_gray_boots":1,"minecraft:wooden_shovel":2,"minecraft:arrow":4,"minecraft:cooked_porkchop":2,"minecraft:crafting_table":5,"minecraft:wooden_pickaxe":1,"travelersbackpack:standard":2,"minecraft:baked_potato":170,"minecraft:birch_planks":592,"magistuarmory:iron_target":1,"iceandfire:armor_gray_chestplate":1,"easy_emerald:amethyst_sword":2,"minecraft:iron_chestplate":1,"minecraft:diamond_pickaxe":1,"minecraft:golden_leggings":1,"easy_emerald:obsidian_bow":5,"minecraft:stick":588,"minecraft:iron_ingot":8,"minecraft:iron_block":3,"minecraft:gold_ingot":119,"minecraft:birch_stairs":36,"magistuarmory:leather_strip":6,"minecraft:oak_door":3,"minecraft:stone_shovel":250,"iceandfire:armor_gray_leggings":1,"magistuarmory:iron_claymore":1,"minecraft:furnace":6,"easy_emerald:amethyst_boots":2,"minecraft:oak_trapdoor":4,"magistuarmory:hilt":1,"travelersbackpack:white_sleeping_bag":1,"minecraft:iron_axe":2,"magistuarmory:steel_ingot":15,"easy_emerald:amethyst_leggings":2,"minecraft:stone_pickaxe":5,"minecraft:cobblestone_wall":12,"easy_emerald:bow_template":12,"easy_emerald:amethyst_body":2,"magistuarmory:woolen_fabric":4,"minecraft:wheat":153,"minecraft:cooked_beef":9,"iceandfire:dragonbone_sword":1,"easy_emerald:ruby":1,"iceandfire:silver_ingot":1,"magistuarmory:barbedclub":1,"travelersbackpack:backpack_tank":4,"minecraft:bucket":1,"minecraft:stone_axe":4,"minecraft:bread":51,"minecraft:air":0,"minecraft:oak_boat":1,"minecraft:golden_apple":27,"minecraft:oak_stairs":28,"minecraft:anvil":1,"minecraft:acacia_planks":20,"minecraft:torch":40,"easy_emerald:ruby_juju":1},"minecraft:dropped":{"magistuarmory:barbedclub":1,"iceandfire:raw_silver":4,"minecraft:birch_planks":1,"minecraft:porkchop":1,"minecraft:oak_log":15,"minecraft:baked_potato":26,"minecraft:leather":5,"minecraft:jungle_planks":1,"minecraft:mossy_stone_brick_stairs":2,"travelersbackpack:standard":1,"minecraft:flint":8,"minecraft:dirt":261,"minecraft:cornflower":4,"minecraft:amethyst_shard":2,"gravestone:obituary":23,"minecraft:bone_meal":9,"minecraft:axolotl_bucket":1,"minecraft:sand":1,"minecraft:birch_log":10,"minecraft:birch_stairs":4,"sons_of_sins:flesh_of_demise":2,"minecraft:bone":8,"magistuarmory:rustedchainmail_leggings":1,"minecraft:gravel":32,"iceandfire:ghost_sword":1,"minecraft:sugar_cane":6,"vanillaplustools:stone_shovel":1,"minecraft:polished_andesite_slab":2,"minecraft:birch_sapling":23,"minecraft:rotten_flesh":41,"minecraft:oak_planks":57,"minecraft:mossy_stone_brick_slab":1,"minecraft:azure_bluet":1,"easy_emerald:amethyst_body":1,"minecraft:chainmail_chestplate":4,"easy_emerald:amethyst_sword":1,"minecraft:poppy":6,"graveyard:small_cyan_urn":1,"minecraft:gunpowder":17,"minecraft:beetroot_seeds":4,"minecraft:arrow":5,"netherexp:cooked_hogham":1,"easy_emerald:amethyst_head":1,"minecraft:stone_brick_stairs":3,"easy_emerald:amethyst_boots":1,"minecraft:egg":1,"minecraft:oak_slab":6,"minecraft:wheat_seeds":242,"minecraft:tnt":3,"iceandfire:myrmex_jungle_egg":1,"minecraft:diamond_leggings":1,"minecraft:golden_axe":1,"minecraft:iron_helmet":1,"minecraft:cobblestone":68,"minecraft:coal":1,"minecraft:golden_apple":14,"minecraft:stick":50,"minecraft:oxeye_daisy":3,"minecraft:golden_carrot":18,"cavesanddepths:lush_fruit":2,"iceandfire:myrmex_jungle_biolight":6,"minecraft:melon_slice":6,"minecraft:iron_leggings":2,"easy_emerald:amethyst_juju":1,"cavesanddepths:tallmossybush":1,"minecraft:string":30,"easy_emerald:emerald_sword":1,"minecraft:dandelion":32,"minecraft:stone_brick_slab":1,"minecraft:moss_carpet":4,"thalassophobia:raw_fish_meat":6,"minecraft:raw_copper":64,"minecraft:bowl":6,"thalassophobia:fish_scale":14,"cavesanddepths:azalea_flower":1,"minecraft:clay_ball":6,"minecraft:iron_boots":2,"magistuarmory:rusted_heavymace":1,"thalassophobia:raw_crab":1,"minecraft:diamond_sword":1,"iceandfire:troll_weapon_hammer":1,"minecraft:shield":3,"minecraft:peony":10,"minecraft:diamond_pickaxe":2,"minecraft:iron_chestplate":3,"minecraft:andesite":63,"minecraft:mossy_stone_bricks":3,"thalassophobia:tooth":16,"minecraft:oak_sapling":180,"easy_emerald:obsidian_bow":2,"minecraft:spider_eye":5,"minecraft:barrel":1,"minecraft:stone_bricks":3,"minecraft:bow":1,"minecraft:stone_pickaxe":1,"minecraft:red_tulip":2,"easy_emerald:amethyst_leggings":1},"minecraft:mined":{"minecraft:dark_oak_planks":4,"minecraft:spruce_planks":20,"minecraft:large_amethyst_bud":10,"minecraft:white_bed":4,"connectedglass:borderless_glass":1,"minecraft:mossy_stone_brick_slab":1,"minecraft:sculk_vein":11,"minecraft:cobblestone_stairs":127,"minecraft:budding_amethyst":29,"minecraft:grass_block":6539,"minecraft:coal_block":12,"minecraft:chiseled_stone_bricks":1,"minecraft:spawner":49,"minecraft:tall_seagrass":2,"betterarcheology:chiseled_bone_block":1,"minecraft:mossy_cobblestone_stairs":3,"minecraft:barrel":5,"minecraft:fire":1,"minecraft:pumpkin":5,"minecraft:azure_bluet":1,"minecraft:nether_brick_stairs":8,"minecraft:dark_oak_stairs":1,"minecraft:small_amethyst_bud":1,"iceandfire:gold_pile":92,"minecraft:dirt_path":3,"minecraft:iron_bars":11,"minecraft:azalea_leaves":1,"minecraft:quartz_block":15,"minecraft:medium_amethyst_bud":6,"iceandfire:myrmex_resin_jungle":1,"minecraft:amethyst_cluster":12,"minecraft:clay":1,"minecraft:torch":8,"minecraft:calcite":24,"minecraft:poppy":1,"minecraft:melon":18,"minecraft:chest":7,"minecraft:glass":3,"minecraft:cobblestone":322,"minecraft:birch_wood":2,"minecraft:oak_planks":206,"minecraft:wall_torch":20,"minecraft:amethyst_block":378,"minecraft:skeleton_skull":1,"graveyard:oak_coffin":1,"minecraft:birch_log":232,"minecraft:jukebox":1,"minecraft:tnt":4,"minecraft:stone_brick_stairs":3,"minecraft:grass":171,"minecraft:oak_log":539,"minecraft:beetroots":1,"minecraft:dirt":12864,"minecraft:sand":113,"graveyard:small_cyan_urn":1,"minecraft:wither_skeleton_skull":3,"minecraft:oak_leaves":35,"minecraft:mossy_cobblestone":2,"minecraft:oak_door":1,"minecraft:jack_o_lantern":1,"minecraft:nether_bricks":2,"gravestone:gravestone":36,"minecraft:jungle_planks":2,"minecraft:polished_andesite_slab":4,"minecraft:moss_block":7,"minecraft:rooted_dirt":5,"minecraft:large_fern":3,"minecraft:hay_block":18,"iceandfire:jungle_myrmex_cocoon":2,"minecraft:oak_trapdoor":1,"minecraft:packed_mud":1,"minecraft:furnace":2,"graveyard:tg_moss_block":4,"minecraft:chiseled_deepslate":1,"minecraft:peony":7,"minecraft:mossy_stone_brick_stairs":3,"minecraft:bookshelf":2,"minecraft:potatoes":21,"minecraft:vine":37,"minecraft:lantern":2,"minecraft:stone":260,"minecraft:green_wool":3,"minecraft:podzol":1,"minecraft:smithing_table":1,"minecraft:birch_stairs":43,"minecraft:redstone_block":4,"minecraft:stone_brick_slab":3,"minecraft:dandelion":1,"minecraft:crafting_table":6,"minecraft:oak_wood":1,"minecraft:andesite_slab":3,"minecraft:copper_ore":8,"minecraft:tall_grass":40,"graveyard:tg_grass_block":3,"minecraft:sculk":14,"minecraft:birch_planks":38,"minecraft:coarse_dirt":70,"betterarcheology:loot_vase_creeper":1,"iceandfire:myrmex_jungle_biolight":9,"minecraft:birch_leaves":3,"betterarcheology:loot_vase_green":2,"minecraft:coal_ore":52,"minecraft:cracked_stone_bricks":5,"minecraft:gravel":65,"minecraft:cobweb":3,"minecraft:acacia_planks":1,"minecraft:polished_andesite":13,"minecraft:stripped_acacia_wood":10,"minecraft:stone_bricks":6,"minecraft:mossy_stone_bricks":7,"minecraft:chipped_anvil":1,"minecraft:fern":7},"minecraft:custom":{"minecraft:interact_with_crafting_table":151,"minecraft:open_barrel":277,"minecraft:leave_game":13,"minecraft:time_since_death":7667,"minecraft:sprint_one_cm":2217807,"minecraft:damage_blocked_by_shield":7385,"minecraft:drop":260,"minecraft:talked_to_villager":3,"minecraft:play_time":964826,"minecraft:deaths":46,"minecraft:jump":9749,"minecraft:walk_on_water_one_cm":104090,"minecraft:interact_with_furnace":78,"minecraft:sleep_in_bed":52,"minecraft:damage_dealt":67163,"minecraft:player_kills":6,"minecraft:crouch_one_cm":110608,"minecraft:interact_with_smoker":32,"minecraft:interact_with_smithing_table":9,"minecraft:interact_with_anvil":5,"minecraft:mob_kills":437,"minecraft:climb_one_cm":16966,"minecraft:walk_one_cm":3776885,"minecraft:sneak_time":28870,"minecraft:walk_under_water_one_cm":109124,"minecraft:boat_one_cm":44840,"minecraft:interact_with_blast_furnace":9,"minecraft:total_world_time":964826,"spartanshields:shield_bash_hits":8,"minecraft:interact_with_stonecutter":2,"minecraft:time_since_rest":7726,"minecraft:damage_absorbed":521,"minecraft:damage_taken":25657,"minecraft:trigger_trapped_chest":3,"minecraft:swim_one_cm":29896,"minecraft:fly_one_cm":1871577,"minecraft:open_chest":543,"minecraft:fall_one_cm":132121},"minecraft:broken":{"minecraft:stone_pickaxe":3,"minecraft:stone_axe":2,"easy_emerald:obsidian_body":1,"minecraft:iron_sword":1,"minecraft:stone_shovel":2,"minecraft:shield":2,"minecraft:iron_axe":3,"minecraft:golden_pickaxe":1,"minecraft:iron_helmet":1,"vanillaplustools:stone_shovel":24},"minecraft:killed_by":{"minecraft:wither_skeleton":3,"minecraft:creeper":6,"graveyard:skeleton_creeper":1,"minecraft:silverfish":1,"iceandfire:myrmex_queen":1,"minecraft:zombie":3,"iceandfire:fire_dragon":12,"minecraft:player":4,"minecraft:stray":1,"minecraft:enderman":1,"thalassophobia:megapiranha":3,"minecraft:hoglin":4,"minecraft:skeleton":3,"faded_conquest_2:the_plauge_bringer":1},"minecraft:used":{"minecraft:jack_o_lantern":1,"minecraft:beetroot":4,"minecraft:moss_carpet":2,"iceandfire:ghost_sword":211,"minecraft:poppy":2,"minecraft:chest":27,"minecraft:shield":103,"minecraft:iron_sword":14,"easy_emerald:amethyst_sword":493,"minecraft:glass":3,"minecraft:lantern":2,"minecraft:birch_sapling":6,"minecraft:packed_mud":1,"minecraft:stone_bricks":2,"minecraft:rabbit_stew":1,"minecraft:birch_button":2,"minecraft:golden_sword":9,"minecraft:bow":2,"minecraft:oak_sapling":55,"minecraft:furnace":8,"minecraft:skeleton_skull":2,"minecraft:egg":2,"minecraft:potato":24,"iceandfire:troll_weapon_hammer":1,"minecraft:wither_skeleton_skull":2,"minecraft:chorus_fruit":1,"minecraft:stone_pickaxe":577,"minecraft:oak_planks":1168,"minecraft:wooden_pickaxe":9,"minecraft:mossy_stone_brick_stairs":1,"minecraft:golden_apple":13,"minecraft:sand":1,"minecraft:melon_slice":102,"minecraft:birch_slab":18,"minecraft:bread":7,"minecraft:iron_door":4,"iceandfire:myrmex_resin_jungle":1,"minecraft:diamond_sword":452,"minecraft:smithing_table":1,"minecraft:oak_boat":7,"minecraft:birch_log":5,"minecraft:golden_pickaxe":32,"minecraft:oak_fence":57,"minecraft:oak_trapdoor":4,"minecraft:iron_bars":11,"minecraft:stone_shovel":250,"minecraft:spruce_planks":20,"minecraft:wooden_shovel":1,"graveyard:oak_coffin":1,"minecraft:cooked_chicken":3,"minecraft:oak_door":3,"minecraft:torch":129,"minecraft:dirt":1854,"minecraft:anvil":1,"iceandfire:pixie_dust":1,"minecraft:cobblestone_wall":10,"minecraft:mossy_cobblestone_stairs":1,"minecraft:dark_oak_planks":54,"minecraft:stone_brick_slab":2,"minecraft:iron_axe":813,"connectedglass:borderless_glass":261,"minecraft:barrel":4,"thalassophobia:cooked_fish_meat":23,"minecraft:golden_carrot":11,"minecraft:beef":2,"magistuarmory:iron_claymore":14,"minecraft:calcite":30,"thalassophobia:raw_fish_meat":3,"minecraft:cooked_beef":11,"minecraft:acacia_planks":5,"minecraft:cooked_mutton":3,"minecraft:amethyst_block":4,"minecraft:water_bucket":2,"iceandfire:myrmex_jungle_biolight":1,"minecraft:cobblestone_stairs":1017,"minecraft:birch_planks":423,"minecraft:baked_potato":114,"magistuarmory:barbedclub":4,"magistuarmory:iron_target":45,"minecraft:mossy_cobblestone":1,"deep_dark_regrowth:sculk_soil":1,"vanillaplustools:stone_shovel":3398,"minecraft:crafting_table":10,"minecraft:white_bed":6,"minecraft:painting":2,"minecraft:oak_log":163,"minecraft:diamond_pickaxe":3,"minecraft:apple":4,"minecraft:iron_pickaxe":850,"netherexp:cooked_hogham":10,"minecraft:suspicious_stew":3,"minecraft:map":1,"minecraft:stone_axe":459,"iceandfire:myrmex_jungle_egg":6,"minecraft:chiseled_stone_bricks":1,"minecraft:white_banner":1,"easy_emerald:obsidian_bow":198,"minecraft:porkchop":1,"minecraft:potion":6,"minecraft:cobblestone":1057,"travelersbackpack:standard":5,"minecraft:cooked_porkchop":10,"minecraft:bucket":9,"minecraft:splash_potion":4,"minecraft:birch_stairs":64},"minecraft:picked_up":{"minecraft:iron_chestplate":2,"minecraft:wheat":8,"minecraft:redstone_block":4,"minecraft:chainmail_boots":2,"iceandfire:troll_weapon_hammer":1,"minecraft:nether_brick_fence":7,"minecraft:suspicious_stew":1,"minecraft:smithing_table":1,"minecraft:lead":4,"minecraft:diamond_sword":2,"minecraft:oak_stairs":3,"netherexp:hogham":52,"minecraft:potion":2,"iceandfire:myrmex_jungle_chitin":15,"easy_emerald:ruby_juju":1,"minecraft:stone_brick_stairs":4,"thalassophobia:tooth":17,"minecraft:amethyst_block":280,"minecraft:string":66,"minecraft:raw_copper":34,"minecraft:iron_leggings":5,"minecraft:beetroot":4,"minecraft:diamond_leggings":2,"minecraft:gold_nugget":948,"minecraft:bucket":1,"minecraft:spruce_planks":36,"easy_emerald:amethyst_juju":1,"minecraft:calcite":30,"minecraft:iron_pickaxe":3,"minecraft:melon_slice":168,"minecraft:coal_block":10,"iceandfire:ghost_sword":1,"minecraft:iron_boots":1,"minecraft:furnace":2,"minecraft:tipped_arrow":10,"minecraft:golden_helmet":2,"iceandfire:pixie_dust":1,"minecraft:stick":204,"minecraft:jukebox":1,"minecraft:torch":64,"minecraft:porkchop":17,"magistuarmory:rusted_heavymace":3,"minecraft:golden_axe":1,"magistuarmory:rustedcrusader_chestplate":1,"minecraft:golden_chestplate":3,"minecraft:quartz_block":12,"netherexp:cooked_hogham":14,"minecraft:rotten_flesh":126,"thalassophobia:raw_crab":1,"iceandfire:fire_dragon_heart":1,"minecraft:red_tulip":2,"minecraft:green_wool":3,"minecraft:iron_bars":19,"minecraft:cobblestone":4845,"minecraft:birch_log":215,"minecraft:leather_chestplate":1,"minecraft:feather":1,"magistuarmory:rustedchainmail_boots":2,"minecraft:iron_door":3,"minecraft:birch_slab":2,"easy_emerald:amethyst_sword":1,"minecraft:golden_leggings":1,"easy_emerald:obsidian_body":1,"minecraft:potato":105,"minecraft:flint":13,"minecraft:wither_skeleton_skull":3,"minecraft:dirt":15963,"minecraft:lantern":2,"faded_conquest_2:keyof_pestilence":1,"minecraft:bone":99,"minecraft:chipped_anvil":1,"minecraft:acacia_planks":1,"iceandfire:myrmex_jungle_resin":12,"minecraft:bow":6,"minecraft:wheat_seeds":277,"minecraft:birch_wood":1,"easy_emerald:obsidian_bow":1,"minecraft:mossy_stone_bricks":5,"minecraft:diamond_helmet":1,"minecraft:oak_planks":220,"minecraft:mossy_stone_brick_stairs":3,"iceandfire:amphithere_feather":4,"minecraft:axolotl_bucket":1,"minecraft:stripped_acacia_wood":5,"iceandfire:dragon_skull_fire":1,"minecraft:sand":111,"minecraft:jungle_planks":3,"minecraft:nether_brick_stairs":6,"minecraft:mossy_cobblestone":1,"magistuarmory:rustedgreathelm":1,"minecraft:spectral_arrow":14,"iceandfire:myrmex_stinger":1,"minecraft:barrel":5,"sons_of_sins:flesh_of_demise":3,"travelersbackpack:white_sleeping_bag":2,"graveyard:oak_coffin":2,"minecraft:diamond":1,"cavesanddepths:tallmossybush":1,"minecraft:bone_meal":8,"minecraft:golden_apple":3,"minecraft:chainmail_helmet":1,"iceandfire:myrmex_jungle_biolight":7,"minecraft:emerald":9,"minecraft:bread":52,"iceandfire:troll_leather_forest":6,"minecraft:jack_o_lantern":1,"minecraft:oak_sapling":261,"minecraft:netherrack":2,"minecraft:andesite_slab":3,"iceandfire:raw_silver":5,"minecraft:diamond_pickaxe":3,"iceandfire:dragon_skull_lightning":1,"minecraft:coarse_dirt":69,"minecraft:crafting_table":5,"minecraft:splash_potion":5,"minecraft:azure_bluet":1,"minecraft:chicken":5,"iceandfire:witherbone":20,"magistuarmory:barbedclub":1,"minecraft:clay_ball":6,"minecraft:rabbit_stew":1,"minecraft:golden_pickaxe":1,"minecraft:leather_leggings":2,"gravestone:obituary":23,"minecraft:shield":7,"minecraft:cornflower":4,"minecraft:oak_trapdoor":1,"minecraft:moss_carpet":5,"minecraft:iron_shovel":3,"iceandfire:ghost_ingot":1,"graveyard:corruption":1,"minecraft:cracked_stone_bricks":1,"minecraft:beef":8,"minecraft:oak_boat":7,"deep_dark_regrowth:sculk_soil":1,"minecraft:iron_nugget":12,"minecraft:poppy":8,"minecraft:sugar_cane":6,"minecraft:chest":9,"minecraft:birch_sapling":43,"minecraft:spruce_trapdoor":1,"minecraft:egg":3,"thalassophobia:raw_fish_meat":10,"iceandfire:dragonbone":13,"iceandfire:dragonscales_gray":24,"minecraft:oak_door":1,"minecraft:bowl":5,"magistuarmory:rustedbarbute":1,"magistuarmory:rustedkettlehat":1,"graveyard:small_cyan_urn":1,"minecraft:carrot":27,"minecraft:tnt":3,"minecraft:arrow":88,"minecraft:stone_shovel":10,"minecraft:beetroot_seeds":17,"minecraft:peony":10,"minecraft:nether_bricks":6,"minecraft:shears":1,"minecraft:hay_block":17,"thalassophobia:fish_scale":9,"minecraft:gold_ingot":2,"minecraft:mutton":3,"minecraft:skeleton_skull":1,"cavesanddepths:lush_fruit":2,"minecraft:white_wool":17,"minecraft:bone_block":4,"minecraft:oxeye_daisy":3,"magistuarmory:rustedhalfarmor_chestplate":4,"minecraft:golden_carrot":17,"minecraft:leather":32,"minecraft:birch_planks":48,"minecraft:packed_mud":1,"minecraft:oak_log":578,"minecraft:chainmail_chestplate":4,"iceandfire:ectoplasm":1,"minecraft:golden_boots":3,"minecraft:gunpowder":46,"minecraft:cobblestone_stairs":125,"iceandfire:myrmex_resin_jungle":1,"minecraft:paper":4,"minecraft:white_banner":1,"minecraft:cooked_mutton":1,"minecraft:apple":31,"minecraft:stone_bricks":11,"minecraft:iron_ingot":6,"minecraft:stone_pickaxe":1,"minecraft:cooked_chicken":2,"cavesanddepths:azalea_flower":1,"minecraft:polished_andesite_slab":4,"minecraft:iron_sword":5,"minecraft:dark_oak_stairs":2,"magistuarmory:rustedchainmail_chestplate":2,"minecraft:book":9,"minecraft:black_candle":4,"minecraft:pumpkin":5,"minecraft:sweet_berries":20,"minecraft:chiseled_stone_bricks":1,"minecraft:stone_brick_slab":3,"minecraft:dandelion":35,"minecraft:gravel":58,"minecraft:birch_stairs":43,"minecraft:amethyst_shard":78,"minecraft:white_bed":5,"magistuarmory:rustedchainmail_leggings":2,"minecraft:mossy_stone_brick_slab":1,"minecraft:spider_eye":10,"xpbook:xp_tome":1,"minecraft:leather_helmet":1,"travelersbackpack:standard":1,"thalassophobia:panderodus_eye":1,"minecraft:oak_wood":1,"magistuarmory:rustedchainmail_helmet":1,"magistuarmory:rusted_bastardsword":2,"minecraft:stone_axe":1,"minecraft:chainmail_leggings":2,"magistuarmory:rustedcrusader_boots":3,"iceandfire:myrmex_jungle_egg":8,"minecraft:iron_helmet":2,"minecraft:diamond_axe":1,"minecraft:painting":2,"minecraft:mossy_cobblestone_stairs":2,"minecraft:baked_potato":4,"minecraft:black_wool":1,"minecraft:coal":58},"minecraft:killed":{"minecraft:cave_spider":7,"minecraft:spider":35,"minecraft:skeleton":59,"minecraft:chicken":5,"iceandfire:myrmex_royal":1,"minecraft:silverfish":7,"faded_conquest_2:mimic":3,"minecraft:piglin_brute":1,"iceandfire:myrmex_worker":6,"minecraft:piglin":2,"minecraft:pig":6,"minecraft:zombie_villager":2,"minecraft:creeper":12,"minecraft:sheep":2,"minecraft:trader_llama":4,"minecraft:pillager":6,"minecraft:zombie":159,"iceandfire:myrmex_queen":1,"minecraft:stray":24,"faded_conquest_2:pbdowned":1,"minecraft:cow":5,"graveyard:nightmare":1,"thalassophobia:megapiranha":5,"faded_conquest_2:the_plauge_bringerp_2":1,"unusualfishmod:ripper":2,"iceandfire:myrmex_sentinel":1,"thalassophobia:panderodus":1,"thalassophobia:crab":1,"faded_conquest_2:the_plauge_bringer":1,"graveyard:ghoul":1,"iceandfire:troll":1,"iceandfire:amphithere":1,"minecraft:wandering_trader":2,"minecraft:hoglin":13,"iceandfire:myrmex_soldier":4,"sons_of_sins:betrayed_guzzler":2,"iceandfire:ghost":6,"minecraft:wither_skeleton":25,"minecraft:enderman":1}},"DataVersion":3465}