{"stats":{"minecraft:broken":{"minecraft:stone_pickaxe":3,"minecraft:shield":1,"minecraft:iron_axe":2,"minecraft:stone_axe":2,"vanillaplustools:stone_shovel":24,"minecraft:stone_shovel":2},"minecraft:killed_by":{"minecraft:player":4,"minecraft:creeper":3,"graveyard:skeleton_creeper":1,"minecraft:skeleton":1},"minecraft:killed":{"minecraft:cave_spider":2,"graveyard:nightmare":1,"minecraft:spider":13,"minecraft:skeleton":16,"minecraft:chicken":1,"thalassophobia:crab":1,"minecraft:pig":2,"minecraft:wandering_trader":2,"minecraft:creeper":4,"minecraft:trader_llama":4,"sons_of_sins:betrayed_guzzler":1,"minecraft:pillager":1,"minecraft:zombie":44,"minecraft:stray":5,"minecraft:wither_skeleton":7,"minecraft:cow":1},"minecraft:crafted":{"minecraft:oak_door":3,"minecraft:oak_planks":1572,"minecraft:stone_shovel":250,"minecraft:furnace":4,"minecraft:cobblestone_stairs":1076,"minecraft:stone":42,"thalassophobia:cooked_fish_meat":13,"connectedglass:borderless_glass":252,"easy_emerald:amethyst_juju":1,"minecraft:glass":236,"minecraft:bow":2,"easy_emerald:emerald_sword":1,"minecraft:iron_axe":2,"minecraft:stone_pickaxe":5,"easy_emerald:bow_template":4,"minecraft:chest":21,"vanillaplustools:stone_shovel":27,"minecraft:oak_fence":57,"minecraft:wheat":153,"iceandfire:silver_ingot":1,"minecraft:crafting_table":1,"minecraft:wooden_pickaxe":1,"minecraft:baked_potato":77,"minecraft:birch_planks":392,"minecraft:stone_axe":3,"minecraft:air":0,"minecraft:bread":51,"easy_emerald:amethyst_sword":1,"minecraft:iron_chestplate":1,"minecraft:golden_leggings":1,"minecraft:diamond_pickaxe":1,"minecraft:golden_apple":14,"easy_emerald:obsidian_bow":3,"minecraft:stick":528,"minecraft:iron_ingot":8,"minecraft:oak_stairs":28,"minecraft:iron_block":3,"minecraft:gold_ingot":119,"minecraft:anvil":1,"minecraft:torch":36,"minecraft:birch_stairs":24},"minecraft:picked_up":{"minecraft:smithing_table":1,"minecraft:redstone_block":4,"iceandfire:witherbone":1,"minecraft:iron_chestplate":2,"minecraft:crafting_table":1,"minecraft:coarse_dirt":68,"minecraft:chainmail_boots":1,"minecraft:azure_bluet":1,"minecraft:splash_potion":2,"minecraft:chicken":1,"minecraft:nether_brick_fence":7,"minecraft:leather_leggings":2,"minecraft:rabbit_stew":1,"minecraft:lead":4,"minecraft:potion":1,"minecraft:stone_brick_stairs":3,"gravestone:obituary":10,"minecraft:shield":1,"minecraft:cornflower":4,"minecraft:string":25,"minecraft:moss_carpet":2,"minecraft:raw_copper":34,"minecraft:iron_leggings":2,"graveyard:corruption":1,"minecraft:diamond_leggings":1,"minecraft:gold_nugget":948,"minecraft:coal_block":10,"minecraft:poppy":5,"minecraft:iron_pickaxe":1,"minecraft:melon_slice":64,"minecraft:sugar_cane":6,"minecraft:chest":4,"minecraft:birch_sapling":29,"minecraft:golden_helmet":1,"minecraft:furnace":2,"minecraft:tipped_arrow":6,"minecraft:stick":167,"minecraft:oak_door":1,"minecraft:torch":30,"minecraft:bowl":2,"minecraft:porkchop":10,"graveyard:small_cyan_urn":1,"minecraft:arrow":31,"minecraft:stone_shovel":10,"minecraft:rotten_flesh":51,"minecraft:peony":10,"minecraft:nether_bricks":5,"thalassophobia:raw_crab":1,"minecraft:hay_block":17,"minecraft:red_tulip":2,"minecraft:iron_bars":5,"minecraft:white_wool":4,"minecraft:cobblestone":3827,"minecraft:oxeye_daisy":3,"minecraft:birch_log":113,"minecraft:feather":1,"minecraft:golden_carrot":10,"minecraft:iron_door":1,"minecraft:leather":7,"minecraft:golden_leggings":1,"minecraft:birch_planks":38,"minecraft:flint":9,"minecraft:chainmail_chestplate":1,"minecraft:oak_log":573,"minecraft:golden_boots":2,"minecraft:gunpowder":28,"minecraft:cobblestone_stairs":116,"minecraft:dirt":15647,"minecraft:bone":23,"minecraft:apple":30,"minecraft:stone_bricks":3,"minecraft:bow":4,"minecraft:wheat_seeds":229,"minecraft:stone_pickaxe":1,"minecraft:mossy_stone_bricks":3,"minecraft:iron_sword":3,"minecraft:oak_planks":172,"minecraft:mossy_stone_brick_stairs":3,"minecraft:pumpkin":5,"minecraft:sweet_berries":20,"minecraft:stone_brick_slab":1,"minecraft:dandelion":35,"minecraft:birch_stairs":38,"minecraft:gravel":33,"minecraft:sand":104,"minecraft:jungle_planks":3,"minecraft:amethyst_shard":2,"minecraft:nether_brick_stairs":6,"minecraft:white_bed":5,"minecraft:spectral_arrow":6,"minecraft:mossy_stone_brick_slab":1,"minecraft:spider_eye":3,"minecraft:barrel":5,"graveyard:oak_coffin":1,"minecraft:diamond":1,"minecraft:chainmail_leggings":2,"minecraft:iron_helmet":1,"minecraft:diamond_axe":1,"minecraft:mossy_cobblestone_stairs":2,"minecraft:chainmail_helmet":1,"minecraft:bread":52,"minecraft:emerald":9,"minecraft:baked_potato":3,"minecraft:oak_sapling":261,"minecraft:netherrack":2,"minecraft:coal":51,"iceandfire:raw_silver":5},"minecraft:used":{"minecraft:oak_fence":57,"minecraft:stone_shovel":250,"minecraft:chest":21,"minecraft:shield":68,"minecraft:iron_sword":8,"easy_emerald:amethyst_sword":349,"minecraft:oak_door":3,"minecraft:torch":70,"minecraft:anvil":1,"minecraft:dirt":1812,"minecraft:mossy_cobblestone_stairs":1,"minecraft:glass":3,"minecraft:iron_axe":632,"minecraft:birch_sapling":6,"connectedglass:borderless_glass":253,"minecraft:bow":2,"minecraft:barrel":4,"minecraft:rabbit_stew":1,"thalassophobia:cooked_fish_meat":23,"minecraft:golden_carrot":1,"minecraft:oak_sapling":55,"minecraft:furnace":6,"minecraft:cobblestone_stairs":1011,"minecraft:birch_planks":289,"minecraft:stone_pickaxe":577,"minecraft:baked_potato":54,"minecraft:oak_planks":1139,"minecraft:wooden_pickaxe":9,"minecraft:mossy_stone_brick_stairs":1,"minecraft:golden_apple":5,"vanillaplustools:stone_shovel":3398,"minecraft:crafting_table":3,"minecraft:white_bed":6,"minecraft:oak_log":161,"minecraft:apple":4,"minecraft:iron_pickaxe":57,"minecraft:bread":3,"minecraft:melon_slice":50,"minecraft:iron_door":1,"minecraft:stone_axe":423,"minecraft:smithing_table":1,"minecraft:potion":5,"easy_emerald:obsidian_bow":102,"minecraft:cobblestone":771,"minecraft:porkchop":1,"minecraft:cooked_porkchop":6,"minecraft:birch_log":5,"minecraft:birch_stairs":56},"minecraft:custom":{"minecraft:interact_with_smithing_table":7,"minecraft:mob_kills":110,"minecraft:interact_with_crafting_table":94,"minecraft:open_barrel":100,"minecraft:leave_game":11,"minecraft:time_since_death":24868,"minecraft:climb_one_cm":6635,"minecraft:sprint_one_cm":1117123,"minecraft:walk_one_cm":2255776,"minecraft:damage_blocked_by_shield":3075,"minecraft:drop":148,"minecraft:talked_to_villager":2,"minecraft:play_time":523627,"minecraft:sneak_time":24650,"minecraft:deaths":9,"minecraft:walk_under_water_one_cm":4862,"minecraft:jump":4213,"minecraft:interact_with_blast_furnace":3,"minecraft:walk_on_water_one_cm":20478,"minecraft:total_world_time":523627,"minecraft:interact_with_furnace":44,"spartanshields:shield_bash_hits":3,"minecraft:interact_with_stonecutter":1,"minecraft:sleep_in_bed":33,"minecraft:time_since_rest":13074,"minecraft:damage_absorbed":201,"minecraft:damage_taken":7961,"minecraft:damage_dealt":19177,"minecraft:fly_one_cm":878178,"minecraft:player_kills":3,"minecraft:open_chest":234,"minecraft:crouch_one_cm":102414,"minecraft:interact_with_smoker":10,"minecraft:fall_one_cm":57114,"minecraft:interact_with_anvil":2},"minecraft:dropped":{"minecraft:oak_slab":6,"iceandfire:raw_silver":4,"minecraft:birch_planks":1,"minecraft:wheat_seeds":196,"minecraft:baked_potato":25,"minecraft:diamond_leggings":1,"minecraft:iron_helmet":1,"minecraft:cobblestone":4,"minecraft:jungle_planks":1,"minecraft:mossy_stone_brick_stairs":2,"minecraft:golden_apple":7,"minecraft:coal":1,"minecraft:stick":50,"minecraft:flint":8,"minecraft:oxeye_daisy":3,"minecraft:dirt":94,"minecraft:golden_carrot":9,"minecraft:cornflower":4,"minecraft:melon_slice":6,"minecraft:iron_leggings":2,"gravestone:obituary":7,"minecraft:bone_meal":3,"easy_emerald:amethyst_juju":1,"minecraft:sand":1,"minecraft:string":18,"minecraft:birch_log":10,"minecraft:birch_stairs":4,"easy_emerald:emerald_sword":1,"minecraft:stone_brick_slab":1,"minecraft:dandelion":32,"minecraft:bone":4,"minecraft:gravel":32,"minecraft:moss_carpet":2,"minecraft:sugar_cane":6,"vanillaplustools:stone_shovel":1,"minecraft:raw_copper":64,"minecraft:bowl":1,"minecraft:birch_sapling":23,"thalassophobia:fish_scale":6,"minecraft:rotten_flesh":28,"minecraft:oak_planks":2,"minecraft:iron_boots":1,"minecraft:mossy_stone_brick_slab":1,"minecraft:azure_bluet":1,"thalassophobia:raw_crab":1,"minecraft:chainmail_chestplate":1,"minecraft:poppy":5,"graveyard:small_cyan_urn":1,"minecraft:gunpowder":14,"minecraft:peony":10,"minecraft:iron_chestplate":3,"minecraft:andesite":63,"minecraft:mossy_stone_bricks":3,"easy_emerald:obsidian_bow":1,"minecraft:oak_sapling":180,"minecraft:spider_eye":3,"minecraft:barrel":1,"minecraft:arrow":5,"minecraft:bow":1,"minecraft:stone_pickaxe":1,"minecraft:red_tulip":2,"minecraft:stone_brick_stairs":3},"minecraft:mined":{"minecraft:white_bed":4,"connectedglass:borderless_glass":1,"minecraft:oak_door":1,"minecraft:mossy_stone_brick_slab":1,"minecraft:sculk_vein":2,"minecraft:cobblestone_stairs":119,"minecraft:nether_bricks":1,"gravestone:gravestone":10,"minecraft:grass_block":6454,"minecraft:jungle_planks":2,"minecraft:coal_block":12,"minecraft:moss_block":4,"minecraft:spawner":12,"minecraft:large_fern":1,"minecraft:hay_block":18,"minecraft:furnace":2,"minecraft:mossy_cobblestone_stairs":3,"graveyard:tg_moss_block":4,"minecraft:barrel":5,"minecraft:pumpkin":5,"minecraft:nether_brick_stairs":8,"minecraft:peony":7,"minecraft:azure_bluet":1,"minecraft:mossy_stone_brick_stairs":3,"minecraft:dirt_path":3,"minecraft:vine":20,"iceandfire:gold_pile":92,"minecraft:azalea_leaves":1,"minecraft:stone":97,"minecraft:smithing_table":1,"minecraft:birch_stairs":38,"minecraft:redstone_block":4,"minecraft:stone_brick_slab":1,"minecraft:dandelion":1,"minecraft:crafting_table":1,"minecraft:torch":5,"minecraft:melon":6,"minecraft:chest":4,"minecraft:copper_ore":8,"minecraft:tall_grass":38,"graveyard:tg_grass_block":3,"minecraft:glass":3,"minecraft:cobblestone":287,"minecraft:oak_planks":182,"minecraft:wall_torch":12,"minecraft:birch_planks":28,"minecraft:coarse_dirt":68,"graveyard:oak_coffin":1,"minecraft:birch_log":125,"minecraft:stone_brick_stairs":3,"minecraft:grass":135,"minecraft:coal_ore":51,"minecraft:oak_log":536,"minecraft:gravel":37,"minecraft:sand":106,"minecraft:dirt":12830,"minecraft:cobweb":1,"graveyard:small_cyan_urn":1,"minecraft:stone_bricks":2,"minecraft:mossy_stone_bricks":2,"minecraft:oak_leaves":31,"minecraft:fern":4}},"DataVersion":3465}