{"stats":{"minecraft:picked_up":{"minecraft:splash_potion":2,"minecraft:golden_carrot":10,"minecraft:rabbit_stew":1,"minecraft:potion":1,"minecraft:stone_brick_stairs":3,"minecraft:oak_log":17,"gravestone:obituary":2,"minecraft:gunpowder":24,"minecraft:cornflower":4,"minecraft:dirt":24,"minecraft:string":5,"minecraft:raw_copper":31,"minecraft:bone":5,"minecraft:apple":6,"minecraft:stone_bricks":3,"minecraft:wheat_seeds":2,"minecraft:mossy_stone_bricks":3,"minecraft:poppy":1,"minecraft:melon_slice":64,"minecraft:sugar_cane":6,"minecraft:chest":2,"minecraft:iron_sword":1,"minecraft:mossy_stone_brick_stairs":2,"minecraft:furnace":2,"minecraft:stick":6,"minecraft:sweet_berries":20,"minecraft:dandelion":3,"minecraft:stone_brick_slab":1,"minecraft:bowl":2,"minecraft:porkchop":6,"minecraft:amethyst_shard":2,"minecraft:white_bed":4,"graveyard:small_cyan_urn":1,"minecraft:spectral_arrow":6,"minecraft:mossy_stone_brick_slab":1,"graveyard:oak_coffin":1,"minecraft:arrow":11,"minecraft:rotten_flesh":3,"minecraft:diamond":1,"thalassophobia:raw_crab":1,"minecraft:hay_block":17,"minecraft:red_tulip":2,"minecraft:emerald":9,"minecraft:bread":52,"minecraft:oak_sapling":9,"minecraft:coal":13,"minecraft:white_wool":4,"minecraft:cobblestone":45},"minecraft:crafted":{"minecraft:oak_planks":96,"minecraft:stone_shovel":18,"minecraft:wooden_pickaxe":1,"minecraft:furnace":2,"minecraft:bread":51,"easy_emerald:amethyst_juju":1,"easy_emerald:amethyst_sword":1,"minecraft:diamond_pickaxe":1,"minecraft:stick":72,"minecraft:stone_pickaxe":1,"minecraft:chest":2,"vanillaplustools:stone_shovel":2,"minecraft:torch":20,"minecraft:wheat":153},"minecraft:mined":{"minecraft:white_bed":3,"minecraft:mossy_stone_brick_slab":1,"minecraft:stone_brick_slab":1,"gravestone:gravestone":2,"minecraft:grass_block":12,"minecraft:melon":6,"minecraft:chest":2,"graveyard:tg_grass_block":3,"minecraft:copper_ore":7,"minecraft:cobblestone":15,"minecraft:moss_block":4,"minecraft:hay_block":18,"graveyard:oak_coffin":1,"minecraft:furnace":2,"graveyard:tg_moss_block":4,"minecraft:stone_brick_stairs":3,"minecraft:grass":6,"minecraft:mossy_stone_brick_stairs":2,"minecraft:oak_log":18,"minecraft:coal_ore":13,"minecraft:dirt":2,"minecraft:cobweb":1,"minecraft:azalea_leaves":1,"graveyard:small_cyan_urn":1,"minecraft:stone_bricks":2,"minecraft:stone":31,"minecraft:mossy_stone_bricks":2,"minecraft:oak_leaves":3},"minecraft:used":{"minecraft:stone_pickaxe":71,"minecraft:wooden_pickaxe":9,"minecraft:chest":4,"minecraft:shield":3,"easy_emerald:amethyst_sword":8,"minecraft:torch":1,"minecraft:dirt":24,"minecraft:crafting_table":1,"minecraft:white_bed":5,"minecraft:iron_axe":31,"minecraft:bread":3,"minecraft:melon_slice":15,"minecraft:furnace":4,"minecraft:oak_sapling":7},"minecraft:custom":{"minecraft:interact_with_furnace":2,"minecraft:mob_kills":4,"minecraft:interact_with_crafting_table":14,"minecraft:leave_game":3,"minecraft:time_since_death":17234,"minecraft:sleep_in_bed":4,"minecraft:climb_one_cm":194,"minecraft:time_since_rest":4389,"minecraft:sprint_one_cm":76027,"minecraft:damage_taken":700,"minecraft:walk_one_cm":119246,"minecraft:damage_blocked_by_shield":180,"minecraft:drop":21,"minecraft:damage_dealt":491,"minecraft:fly_one_cm":88311,"minecraft:open_chest":15,"minecraft:play_time":36232,"minecraft:deaths":1,"minecraft:sneak_time":16,"minecraft:walk_under_water_one_cm":981,"minecraft:jump":473,"minecraft:walk_on_water_one_cm":3197,"minecraft:total_world_time":36232,"minecraft:fall_one_cm":12497},"minecraft:killed_by":{"minecraft:creeper":1},"minecraft:killed":{"thalassophobia:crab":1,"minecraft:skeleton":1,"minecraft:zombie":2},"minecraft:dropped":{"minecraft:sugar_cane":6,"minecraft:wheat_seeds":2,"minecraft:raw_copper":12,"minecraft:rotten_flesh":3,"minecraft:mossy_stone_brick_slab":1,"minecraft:mossy_stone_brick_stairs":2,"thalassophobia:raw_crab":1,"minecraft:poppy":1,"graveyard:small_cyan_urn":1,"minecraft:gunpowder":12,"minecraft:cornflower":4,"minecraft:mossy_stone_bricks":3,"gravestone:obituary":1,"easy_emerald:amethyst_juju":1,"minecraft:red_tulip":2,"minecraft:string":5,"minecraft:stone_brick_stairs":3,"minecraft:stone_brick_slab":1,"minecraft:dandelion":3}},"DataVersion":3465}