{"stats":{"minecraft:broken":{"minecraft:stone_pickaxe":3,"minecraft:stone_axe":2,"easy_emerald:obsidian_body":1,"minecraft:iron_sword":1,"minecraft:stone_shovel":2,"minecraft:shield":2,"minecraft:iron_axe":3,"minecraft:iron_helmet":1,"vanillaplustools:stone_shovel":24},"minecraft:killed_by":{"minecraft:wither_skeleton":3,"minecraft:creeper":6,"graveyard:skeleton_creeper":1,"iceandfire:fire_dragon":12,"minecraft:player":4,"thalassophobia:megapiranha":3,"minecraft:hoglin":4,"minecraft:skeleton":2},"minecraft:killed":{"minecraft:cave_spider":2,"minecraft:spider":19,"minecraft:skeleton":19,"minecraft:chicken":5,"faded_conquest_2:mimic":3,"iceandfire:myrmex_worker":3,"minecraft:pig":3,"minecraft:creeper":6,"minecraft:sheep":2,"minecraft:trader_llama":4,"minecraft:pillager":1,"minecraft:zombie":73,"minecraft:stray":5,"minecraft:cow":5,"graveyard:nightmare":1,"unusualfishmod:ripper":1,"thalassophobia:panderodus":1,"thalassophobia:crab":1,"graveyard:ghoul":1,"iceandfire:troll":1,"iceandfire:amphithere":1,"minecraft:wandering_trader":2,"minecraft:hoglin":13,"iceandfire:myrmex_soldier":1,"iceandfire:ghost":3,"sons_of_sins:betrayed_guzzler":1,"minecraft:wither_skeleton":20,"minecraft:enderman":1},"minecraft:crafted":{"minecraft:oak_planks":1572,"minecraft:cooked_chicken":2,"minecraft:birch_slab":18,"minecraft:stone":42,"minecraft:cobblestone_stairs":1076,"thalassophobia:cooked_fish_meat":13,"minecraft:cooked_mutton":3,"connectedglass:borderless_glass":264,"easy_emerald:amethyst_juju":1,"minecraft:glass":260,"minecraft:bow":4,"easy_emerald:emerald_sword":1,"iceandfire:armor_gray_helmet":1,"minecraft:chest":22,"minecraft:iron_door":3,"vanillaplustools:stone_shovel":27,"minecraft:birch_button":2,"minecraft:oak_fence":57,"iceandfire:armor_gray_boots":1,"minecraft:wooden_shovel":2,"minecraft:arrow":4,"minecraft:crafting_table":4,"minecraft:wooden_pickaxe":1,"minecraft:baked_potato":97,"minecraft:birch_planks":592,"iceandfire:armor_gray_chestplate":1,"easy_emerald:amethyst_sword":1,"minecraft:iron_chestplate":1,"minecraft:diamond_pickaxe":1,"minecraft:golden_leggings":1,"easy_emerald:obsidian_bow":5,"minecraft:stick":588,"minecraft:iron_ingot":8,"minecraft:iron_block":3,"minecraft:gold_ingot":119,"minecraft:birch_stairs":36,"minecraft:oak_door":3,"minecraft:stone_shovel":250,"iceandfire:armor_gray_leggings":1,"minecraft:furnace":6,"minecraft:oak_trapdoor":4,"travelersbackpack:white_sleeping_bag":1,"minecraft:iron_axe":2,"minecraft:stone_pickaxe":5,"minecraft:cobblestone_wall":12,"easy_emerald:bow_template":12,"minecraft:wheat":153,"iceandfire:silver_ingot":1,"minecraft:stone_axe":4,"minecraft:bread":51,"minecraft:air":0,"minecraft:golden_apple":14,"minecraft:oak_stairs":28,"minecraft:anvil":1,"minecraft:acacia_planks":20,"minecraft:torch":40},"minecraft:picked_up":{"minecraft:iron_chestplate":2,"iceandfire:troll_weapon_hammer":1,"minecraft:wheat":8,"minecraft:chainmail_boots":1,"minecraft:redstone_block":4,"minecraft:nether_brick_fence":7,"minecraft:suspicious_stew":1,"minecraft:diamond_sword":2,"minecraft:smithing_table":1,"minecraft:lead":4,"minecraft:oak_stairs":3,"netherexp:hogham":52,"minecraft:potion":2,"easy_emerald:ruby_juju":1,"minecraft:stone_brick_stairs":3,"thalassophobia:tooth":11,"minecraft:string":44,"minecraft:raw_copper":34,"minecraft:iron_leggings":2,"minecraft:diamond_leggings":2,"minecraft:gold_nugget":948,"minecraft:bucket":1,"minecraft:spruce_planks":36,"easy_emerald:amethyst_juju":1,"minecraft:iron_pickaxe":3,"minecraft:melon_slice":168,"minecraft:coal_block":10,"minecraft:iron_boots":1,"minecraft:furnace":2,"minecraft:tipped_arrow":7,"minecraft:golden_helmet":1,"iceandfire:pixie_dust":1,"minecraft:stick":202,"minecraft:torch":45,"minecraft:porkchop":12,"minecraft:golden_chestplate":2,"netherexp:cooked_hogham":13,"minecraft:rotten_flesh":74,"thalassophobia:raw_crab":1,"iceandfire:fire_dragon_heart":1,"minecraft:red_tulip":2,"minecraft:green_wool":3,"minecraft:iron_bars":10,"minecraft:cobblestone":4009,"minecraft:birch_log":215,"minecraft:feather":1,"minecraft:iron_door":1,"minecraft:birch_slab":2,"easy_emerald:amethyst_sword":1,"minecraft:golden_leggings":1,"easy_emerald:obsidian_body":1,"minecraft:potato":30,"minecraft:flint":13,"minecraft:wither_skeleton_skull":2,"minecraft:dirt":15684,"minecraft:lantern":2,"minecraft:bone":62,"minecraft:chipped_anvil":1,"minecraft:acacia_planks":1,"iceandfire:myrmex_jungle_resin":3,"minecraft:bow":4,"minecraft:wheat_seeds":267,"minecraft:birch_wood":1,"easy_emerald:obsidian_bow":1,"minecraft:mossy_stone_bricks":3,"minecraft:mossy_stone_brick_stairs":3,"minecraft:oak_planks":217,"iceandfire:amphithere_feather":4,"iceandfire:dragon_skull_fire":1,"minecraft:stripped_acacia_wood":5,"minecraft:jungle_planks":3,"minecraft:sand":104,"minecraft:nether_brick_stairs":6,"iceandfire:myrmex_stinger":1,"minecraft:spectral_arrow":12,"minecraft:barrel":5,"sons_of_sins:flesh_of_demise":1,"graveyard:oak_coffin":2,"minecraft:diamond":1,"minecraft:bone_meal":2,"minecraft:golden_apple":3,"minecraft:emerald":9,"minecraft:bread":52,"minecraft:chainmail_helmet":1,"iceandfire:troll_leather_forest":6,"minecraft:oak_sapling":261,"minecraft:netherrack":2,"minecraft:andesite_slab":3,"iceandfire:raw_silver":5,"minecraft:diamond_pickaxe":1,"minecraft:coarse_dirt":68,"minecraft:crafting_table":2,"minecraft:chicken":5,"minecraft:azure_bluet":1,"minecraft:splash_potion":5,"iceandfire:witherbone":18,"minecraft:clay_ball":6,"minecraft:golden_pickaxe":1,"minecraft:rabbit_stew":1,"minecraft:leather_leggings":2,"gravestone:obituary":18,"minecraft:shield":3,"minecraft:cornflower":4,"minecraft:oak_trapdoor":1,"minecraft:moss_carpet":3,"minecraft:iron_shovel":2,"graveyard:corruption":1,"minecraft:beef":8,"deep_dark_regrowth:sculk_soil":1,"minecraft:iron_nugget":12,"minecraft:poppy":8,"minecraft:sugar_cane":6,"minecraft:chest":6,"minecraft:birch_sapling":43,"minecraft:egg":2,"thalassophobia:raw_fish_meat":2,"iceandfire:dragonbone":8,"iceandfire:dragonscales_gray":24,"minecraft:oak_door":1,"minecraft:bowl":3,"minecraft:carrot":1,"graveyard:small_cyan_urn":1,"minecraft:tnt":3,"minecraft:arrow":47,"minecraft:stone_shovel":10,"minecraft:beetroot_seeds":7,"minecraft:peony":10,"minecraft:nether_bricks":5,"minecraft:shears":1,"minecraft:hay_block":17,"thalassophobia:fish_scale":4,"minecraft:gold_ingot":2,"minecraft:skeleton_skull":1,"minecraft:mutton":3,"minecraft:bone_block":4,"minecraft:white_wool":17,"minecraft:oxeye_daisy":3,"minecraft:golden_carrot":17,"minecraft:leather":23,"minecraft:birch_planks":48,"minecraft:oak_log":575,"minecraft:chainmail_chestplate":1,"iceandfire:ectoplasm":1,"minecraft:golden_boots":3,"minecraft:gunpowder":42,"minecraft:cobblestone_stairs":125,"minecraft:cooked_mutton":1,"minecraft:apple":30,"minecraft:stone_bricks":8,"minecraft:iron_ingot":2,"minecraft:stone_pickaxe":1,"minecraft:cooked_chicken":2,"minecraft:polished_andesite_slab":4,"minecraft:iron_sword":4,"minecraft:dark_oak_stairs":2,"minecraft:book":3,"minecraft:black_candle":4,"minecraft:pumpkin":5,"minecraft:sweet_berries":20,"minecraft:stone_brick_slab":1,"minecraft:dandelion":35,"minecraft:gravel":58,"minecraft:birch_stairs":43,"minecraft:amethyst_shard":2,"minecraft:white_bed":5,"minecraft:spider_eye":5,"minecraft:mossy_stone_brick_slab":1,"thalassophobia:panderodus_eye":1,"minecraft:oak_wood":1,"minecraft:stone_axe":1,"minecraft:chainmail_leggings":2,"minecraft:iron_helmet":2,"minecraft:diamond_axe":1,"minecraft:mossy_cobblestone_stairs":2,"minecraft:baked_potato":3,"minecraft:black_wool":1,"minecraft:coal":57},"minecraft:used":{"minecraft:moss_carpet":1,"minecraft:poppy":2,"minecraft:chest":26,"minecraft:shield":90,"minecraft:iron_sword":14,"easy_emerald:amethyst_sword":491,"minecraft:glass":3,"minecraft:lantern":2,"minecraft:birch_sapling":6,"minecraft:stone_bricks":2,"minecraft:rabbit_stew":1,"minecraft:golden_sword":9,"minecraft:birch_button":2,"minecraft:bow":2,"minecraft:furnace":8,"minecraft:oak_sapling":55,"minecraft:skeleton_skull":2,"minecraft:egg":1,"minecraft:potato":14,"iceandfire:troll_weapon_hammer":1,"minecraft:wither_skeleton_skull":1,"minecraft:chorus_fruit":1,"minecraft:stone_pickaxe":577,"minecraft:oak_planks":1153,"minecraft:wooden_pickaxe":9,"minecraft:mossy_stone_brick_stairs":1,"minecraft:golden_apple":9,"minecraft:birch_slab":18,"minecraft:melon_slice":50,"minecraft:bread":3,"minecraft:iron_door":2,"minecraft:diamond_sword":129,"minecraft:smithing_table":1,"minecraft:birch_log":5,"minecraft:oak_trapdoor":4,"minecraft:oak_fence":57,"minecraft:iron_bars":5,"minecraft:stone_shovel":250,"minecraft:spruce_planks":20,"minecraft:wooden_shovel":1,"minecraft:cooked_chicken":1,"graveyard:oak_coffin":1,"minecraft:oak_door":3,"minecraft:torch":105,"minecraft:dirt":1824,"minecraft:anvil":1,"iceandfire:pixie_dust":1,"minecraft:cobblestone_wall":10,"minecraft:mossy_cobblestone_stairs":1,"minecraft:iron_axe":795,"connectedglass:borderless_glass":261,"minecraft:barrel":4,"minecraft:golden_carrot":7,"minecraft:beef":2,"thalassophobia:cooked_fish_meat":23,"minecraft:acacia_planks":5,"minecraft:cooked_mutton":1,"minecraft:water_bucket":1,"minecraft:cobblestone_stairs":1017,"minecraft:birch_planks":423,"minecraft:baked_potato":75,"deep_dark_regrowth:sculk_soil":1,"minecraft:crafting_table":6,"vanillaplustools:stone_shovel":3398,"minecraft:white_bed":6,"minecraft:oak_log":163,"minecraft:apple":4,"netherexp:cooked_hogham":10,"minecraft:suspicious_stew":2,"minecraft:iron_pickaxe":303,"minecraft:stone_axe":459,"minecraft:cobblestone":1010,"minecraft:potion":5,"easy_emerald:obsidian_bow":134,"minecraft:cooked_porkchop":6,"minecraft:porkchop":1,"minecraft:bucket":2,"minecraft:splash_potion":2,"minecraft:birch_stairs":64},"minecraft:custom":{"minecraft:interact_with_crafting_table":117,"minecraft:open_barrel":160,"minecraft:leave_game":11,"minecraft:time_since_death":41925,"minecraft:sprint_one_cm":1603174,"minecraft:damage_blocked_by_shield":4935,"minecraft:drop":184,"minecraft:talked_to_villager":3,"minecraft:play_time":721627,"minecraft:deaths":37,"minecraft:jump":6658,"minecraft:walk_on_water_one_cm":79246,"minecraft:interact_with_furnace":52,"minecraft:sleep_in_bed":44,"minecraft:damage_dealt":37072,"minecraft:player_kills":5,"minecraft:crouch_one_cm":108734,"minecraft:interact_with_smoker":19,"minecraft:interact_with_smithing_table":8,"minecraft:interact_with_anvil":5,"minecraft:mob_kills":205,"minecraft:climb_one_cm":11009,"minecraft:walk_one_cm":2829150,"minecraft:sneak_time":27598,"minecraft:walk_under_water_one_cm":101835,"minecraft:interact_with_blast_furnace":3,"minecraft:total_world_time":721627,"spartanshields:shield_bash_hits":6,"minecraft:interact_with_stonecutter":1,"minecraft:time_since_rest":34030,"minecraft:trigger_trapped_chest":3,"minecraft:damage_taken":18494,"minecraft:damage_absorbed":361,"minecraft:swim_one_cm":29260,"minecraft:fly_one_cm":1487314,"minecraft:open_chest":335,"minecraft:fall_one_cm":104463},"minecraft:dropped":{"iceandfire:raw_silver":4,"minecraft:birch_planks":1,"minecraft:oak_log":15,"minecraft:baked_potato":25,"minecraft:leather":5,"minecraft:mossy_stone_brick_stairs":2,"minecraft:jungle_planks":1,"minecraft:flint":8,"minecraft:dirt":94,"minecraft:cornflower":4,"gravestone:obituary":19,"minecraft:bone_meal":5,"minecraft:sand":1,"minecraft:birch_log":10,"minecraft:birch_stairs":4,"minecraft:bone":4,"minecraft:gravel":32,"minecraft:sugar_cane":6,"vanillaplustools:stone_shovel":1,"minecraft:polished_andesite_slab":2,"minecraft:birch_sapling":23,"minecraft:rotten_flesh":30,"minecraft:oak_planks":2,"minecraft:mossy_stone_brick_slab":1,"minecraft:azure_bluet":1,"minecraft:chainmail_chestplate":1,"minecraft:poppy":5,"graveyard:small_cyan_urn":1,"minecraft:gunpowder":14,"minecraft:beetroot_seeds":4,"minecraft:arrow":5,"minecraft:stone_brick_stairs":3,"minecraft:oak_slab":6,"minecraft:wheat_seeds":231,"minecraft:tnt":3,"minecraft:diamond_leggings":1,"minecraft:iron_helmet":1,"minecraft:cobblestone":4,"minecraft:coal":1,"minecraft:golden_apple":7,"minecraft:stick":50,"minecraft:oxeye_daisy":3,"minecraft:golden_carrot":9,"minecraft:melon_slice":6,"minecraft:iron_leggings":2,"easy_emerald:amethyst_juju":1,"minecraft:string":28,"minecraft:dandelion":32,"minecraft:stone_brick_slab":1,"easy_emerald:emerald_sword":1,"minecraft:moss_carpet":2,"thalassophobia:raw_fish_meat":1,"minecraft:raw_copper":64,"minecraft:bowl":2,"thalassophobia:fish_scale":9,"minecraft:clay_ball":6,"minecraft:iron_boots":1,"thalassophobia:raw_crab":1,"minecraft:diamond_sword":1,"iceandfire:troll_weapon_hammer":1,"minecraft:shield":1,"minecraft:peony":10,"minecraft:iron_chestplate":3,"minecraft:andesite":63,"minecraft:mossy_stone_bricks":3,"thalassophobia:tooth":11,"minecraft:oak_sapling":180,"easy_emerald:obsidian_bow":2,"minecraft:stone_bricks":3,"minecraft:barrel":1,"minecraft:spider_eye":4,"minecraft:bow":1,"minecraft:stone_pickaxe":1,"minecraft:red_tulip":2},"minecraft:mined":{"minecraft:spruce_planks":20,"minecraft:white_bed":4,"connectedglass:borderless_glass":1,"minecraft:mossy_stone_brick_slab":1,"minecraft:cobblestone_stairs":127,"minecraft:sculk_vein":5,"minecraft:grass_block":6466,"minecraft:coal_block":12,"minecraft:spawner":15,"minecraft:tall_seagrass":2,"betterarcheology:chiseled_bone_block":1,"minecraft:mossy_cobblestone_stairs":3,"minecraft:barrel":5,"minecraft:pumpkin":5,"minecraft:azure_bluet":1,"minecraft:nether_brick_stairs":8,"minecraft:dark_oak_stairs":1,"iceandfire:gold_pile":92,"minecraft:dirt_path":3,"minecraft:iron_bars":4,"minecraft:azalea_leaves":1,"minecraft:torch":8,"minecraft:poppy":1,"minecraft:melon":18,"minecraft:chest":6,"minecraft:glass":3,"minecraft:cobblestone":310,"minecraft:birch_wood":2,"minecraft:oak_planks":201,"minecraft:wall_torch":18,"minecraft:skeleton_skull":1,"graveyard:oak_coffin":1,"minecraft:birch_log":232,"minecraft:tnt":4,"minecraft:stone_brick_stairs":3,"minecraft:grass":143,"minecraft:oak_log":536,"minecraft:sand":106,"minecraft:dirt":12860,"graveyard:small_cyan_urn":1,"minecraft:wither_skeleton_skull":2,"minecraft:oak_leaves":32,"minecraft:oak_door":1,"gravestone:gravestone":27,"minecraft:nether_bricks":1,"minecraft:jungle_planks":2,"minecraft:polished_andesite_slab":4,"minecraft:moss_block":7,"minecraft:rooted_dirt":5,"minecraft:large_fern":3,"minecraft:hay_block":18,"minecraft:oak_trapdoor":1,"minecraft:furnace":2,"graveyard:tg_moss_block":4,"minecraft:chiseled_deepslate":1,"minecraft:peony":7,"minecraft:mossy_stone_brick_stairs":3,"minecraft:potatoes":10,"minecraft:vine":22,"minecraft:lantern":2,"minecraft:stone":257,"minecraft:green_wool":3,"minecraft:smithing_table":1,"minecraft:birch_stairs":43,"minecraft:redstone_block":4,"minecraft:stone_brick_slab":1,"minecraft:dandelion":1,"minecraft:crafting_table":2,"minecraft:oak_wood":1,"minecraft:andesite_slab":3,"graveyard:tg_grass_block":3,"minecraft:tall_grass":38,"minecraft:copper_ore":8,"minecraft:sculk":4,"minecraft:birch_planks":38,"minecraft:coarse_dirt":69,"betterarcheology:loot_vase_creeper":1,"minecraft:birch_leaves":3,"betterarcheology:loot_vase_green":2,"minecraft:coal_ore":52,"minecraft:gravel":65,"minecraft:cobweb":3,"minecraft:acacia_planks":1,"minecraft:stripped_acacia_wood":10,"minecraft:stone_bricks":4,"minecraft:mossy_stone_bricks":2,"minecraft:chipped_anvil":1,"minecraft:fern":6}},"DataVersion":3465}