{"stats":{"minecraft:broken":{"minecraft:stone_pickaxe":3,"minecraft:stone_axe":2,"minecraft:stone_shovel":2,"minecraft:shield":1,"minecraft:iron_axe":3,"vanillaplustools:stone_shovel":24},"minecraft:killed_by":{"minecraft:wither_skeleton":2,"minecraft:creeper":4,"graveyard:skeleton_creeper":1,"iceandfire:fire_dragon":3,"minecraft:player":4,"minecraft:hoglin":1,"minecraft:skeleton":1},"minecraft:killed":{"minecraft:cave_spider":2,"minecraft:spider":15,"minecraft:skeleton":17,"minecraft:chicken":3,"minecraft:pig":2,"minecraft:creeper":6,"minecraft:sheep":2,"minecraft:trader_llama":4,"minecraft:pillager":1,"minecraft:zombie":50,"minecraft:stray":5,"minecraft:cow":2,"graveyard:nightmare":1,"thalassophobia:crab":1,"minecraft:wandering_trader":2,"minecraft:hoglin":13,"sons_of_sins:betrayed_guzzler":1,"minecraft:wither_skeleton":19},"minecraft:crafted":{"minecraft:oak_planks":1572,"minecraft:cooked_chicken":2,"minecraft:birch_slab":18,"minecraft:stone":42,"minecraft:cobblestone_stairs":1076,"thalassophobia:cooked_fish_meat":13,"minecraft:cooked_mutton":1,"connectedglass:borderless_glass":252,"easy_emerald:amethyst_juju":1,"minecraft:glass":236,"minecraft:bow":2,"easy_emerald:emerald_sword":1,"minecraft:chest":21,"minecraft:iron_door":3,"vanillaplustools:stone_shovel":27,"minecraft:birch_button":2,"minecraft:oak_fence":57,"minecraft:arrow":4,"minecraft:crafting_table":3,"minecraft:wooden_pickaxe":1,"minecraft:baked_potato":97,"minecraft:birch_planks":592,"easy_emerald:amethyst_sword":1,"minecraft:iron_chestplate":1,"minecraft:diamond_pickaxe":1,"minecraft:golden_leggings":1,"easy_emerald:obsidian_bow":3,"minecraft:stick":564,"minecraft:iron_ingot":8,"minecraft:iron_block":3,"minecraft:gold_ingot":119,"minecraft:birch_stairs":36,"minecraft:oak_door":3,"minecraft:stone_shovel":250,"minecraft:furnace":6,"minecraft:oak_trapdoor":4,"minecraft:iron_axe":2,"minecraft:stone_pickaxe":5,"minecraft:cobblestone_wall":12,"easy_emerald:bow_template":4,"minecraft:wheat":153,"iceandfire:silver_ingot":1,"minecraft:stone_axe":4,"minecraft:bread":51,"minecraft:air":0,"minecraft:golden_apple":14,"minecraft:oak_stairs":28,"minecraft:anvil":1,"minecraft:acacia_planks":20,"minecraft:torch":36},"minecraft:picked_up":{"minecraft:iron_chestplate":2,"minecraft:chainmail_boots":1,"minecraft:redstone_block":4,"minecraft:nether_brick_fence":7,"minecraft:smithing_table":1,"minecraft:lead":4,"netherexp:hogham":19,"minecraft:potion":2,"minecraft:stone_brick_stairs":3,"thalassophobia:tooth":7,"minecraft:string":28,"minecraft:raw_copper":34,"minecraft:iron_leggings":2,"minecraft:diamond_leggings":1,"minecraft:gold_nugget":948,"minecraft:spruce_planks":7,"minecraft:iron_pickaxe":1,"minecraft:melon_slice":116,"minecraft:coal_block":10,"minecraft:furnace":2,"minecraft:tipped_arrow":6,"minecraft:golden_helmet":1,"iceandfire:pixie_dust":1,"minecraft:stick":180,"minecraft:torch":39,"minecraft:porkchop":10,"minecraft:golden_chestplate":1,"netherexp:cooked_hogham":6,"minecraft:rotten_flesh":59,"thalassophobia:raw_crab":1,"minecraft:red_tulip":2,"minecraft:iron_bars":5,"minecraft:cobblestone":3968,"minecraft:birch_log":215,"minecraft:feather":1,"minecraft:iron_door":1,"minecraft:birch_slab":2,"minecraft:golden_leggings":1,"minecraft:potato":30,"minecraft:flint":13,"minecraft:dirt":15672,"minecraft:bone":37,"minecraft:acacia_planks":1,"minecraft:bow":4,"minecraft:wheat_seeds":265,"minecraft:mossy_stone_bricks":3,"minecraft:mossy_stone_brick_stairs":3,"minecraft:oak_planks":188,"minecraft:stripped_acacia_wood":5,"minecraft:jungle_planks":3,"minecraft:sand":104,"minecraft:nether_brick_stairs":6,"minecraft:spectral_arrow":6,"minecraft:barrel":5,"graveyard:oak_coffin":2,"minecraft:diamond":1,"minecraft:bone_meal":2,"minecraft:emerald":9,"minecraft:bread":52,"minecraft:chainmail_helmet":1,"minecraft:oak_sapling":261,"minecraft:netherrack":2,"iceandfire:raw_silver":5,"minecraft:coarse_dirt":68,"minecraft:crafting_table":2,"minecraft:chicken":3,"minecraft:azure_bluet":1,"minecraft:splash_potion":3,"iceandfire:witherbone":8,"minecraft:rabbit_stew":1,"minecraft:leather_leggings":2,"gravestone:obituary":10,"minecraft:shield":1,"minecraft:cornflower":4,"minecraft:oak_trapdoor":1,"minecraft:moss_carpet":2,"minecraft:iron_shovel":1,"graveyard:corruption":1,"minecraft:beef":2,"deep_dark_regrowth:sculk_soil":1,"minecraft:iron_nugget":12,"minecraft:poppy":5,"minecraft:sugar_cane":6,"minecraft:chest":6,"minecraft:birch_sapling":43,"minecraft:egg":1,"minecraft:oak_door":1,"minecraft:bowl":2,"graveyard:small_cyan_urn":1,"minecraft:arrow":39,"minecraft:stone_shovel":10,"minecraft:peony":10,"minecraft:nether_bricks":5,"minecraft:hay_block":17,"thalassophobia:fish_scale":3,"minecraft:mutton":3,"minecraft:white_wool":9,"minecraft:oxeye_daisy":3,"minecraft:golden_carrot":10,"minecraft:leather":14,"minecraft:birch_planks":48,"minecraft:oak_log":573,"minecraft:chainmail_chestplate":1,"minecraft:golden_boots":2,"minecraft:gunpowder":41,"minecraft:cobblestone_stairs":124,"minecraft:apple":30,"minecraft:stone_bricks":6,"minecraft:iron_ingot":1,"minecraft:stone_pickaxe":1,"minecraft:iron_sword":3,"minecraft:dark_oak_stairs":1,"minecraft:book":3,"minecraft:black_candle":4,"minecraft:pumpkin":5,"minecraft:sweet_berries":20,"minecraft:stone_brick_slab":1,"minecraft:dandelion":35,"minecraft:gravel":58,"minecraft:birch_stairs":43,"minecraft:amethyst_shard":2,"minecraft:white_bed":5,"minecraft:spider_eye":3,"minecraft:mossy_stone_brick_slab":1,"minecraft:chainmail_leggings":2,"minecraft:iron_helmet":1,"minecraft:diamond_axe":1,"minecraft:mossy_cobblestone_stairs":2,"minecraft:baked_potato":3,"minecraft:black_wool":1,"minecraft:coal":52},"minecraft:used":{"minecraft:chest":23,"minecraft:shield":69,"minecraft:iron_sword":8,"easy_emerald:amethyst_sword":455,"minecraft:glass":3,"minecraft:birch_sapling":6,"minecraft:rabbit_stew":1,"minecraft:birch_button":2,"minecraft:bow":2,"minecraft:furnace":8,"minecraft:oak_sapling":55,"minecraft:egg":1,"minecraft:potato":14,"minecraft:stone_pickaxe":577,"minecraft:oak_planks":1151,"minecraft:wooden_pickaxe":9,"minecraft:mossy_stone_brick_stairs":1,"minecraft:golden_apple":7,"minecraft:birch_slab":18,"minecraft:melon_slice":50,"minecraft:bread":3,"minecraft:iron_door":2,"minecraft:smithing_table":1,"minecraft:birch_log":5,"minecraft:oak_trapdoor":4,"minecraft:oak_fence":57,"minecraft:stone_shovel":250,"graveyard:oak_coffin":1,"minecraft:oak_door":3,"minecraft:torch":105,"minecraft:dirt":1813,"minecraft:anvil":1,"iceandfire:pixie_dust":1,"minecraft:cobblestone_wall":10,"minecraft:mossy_cobblestone_stairs":1,"minecraft:iron_axe":795,"connectedglass:borderless_glass":253,"minecraft:barrel":4,"minecraft:golden_carrot":1,"minecraft:beef":2,"thalassophobia:cooked_fish_meat":23,"minecraft:acacia_planks":5,"minecraft:water_bucket":1,"minecraft:cobblestone_stairs":1011,"minecraft:birch_planks":423,"minecraft:baked_potato":75,"deep_dark_regrowth:sculk_soil":1,"minecraft:crafting_table":5,"vanillaplustools:stone_shovel":3398,"minecraft:white_bed":6,"minecraft:oak_log":161,"minecraft:apple":4,"netherexp:cooked_hogham":3,"minecraft:iron_pickaxe":220,"minecraft:stone_axe":459,"minecraft:cobblestone":1004,"minecraft:potion":5,"easy_emerald:obsidian_bow":114,"minecraft:cooked_porkchop":6,"minecraft:porkchop":1,"minecraft:bucket":1,"minecraft:birch_stairs":64},"minecraft:custom":{"minecraft:interact_with_crafting_table":107,"minecraft:open_barrel":129,"minecraft:leave_game":11,"minecraft:time_since_death":0,"minecraft:sprint_one_cm":1271080,"minecraft:damage_blocked_by_shield":3075,"minecraft:drop":154,"minecraft:talked_to_villager":2,"minecraft:play_time":625627,"minecraft:deaths":17,"minecraft:jump":4986,"minecraft:walk_on_water_one_cm":37752,"minecraft:interact_with_furnace":48,"minecraft:sleep_in_bed":40,"minecraft:damage_dealt":26557,"minecraft:player_kills":4,"minecraft:crouch_one_cm":108570,"minecraft:interact_with_smoker":15,"minecraft:interact_with_smithing_table":7,"minecraft:interact_with_anvil":3,"minecraft:mob_kills":153,"minecraft:climb_one_cm":6967,"minecraft:walk_one_cm":2547123,"minecraft:sneak_time":26862,"minecraft:walk_under_water_one_cm":56079,"minecraft:interact_with_blast_furnace":3,"minecraft:total_world_time":625627,"spartanshields:shield_bash_hits":4,"minecraft:interact_with_stonecutter":1,"minecraft:time_since_rest":10,"minecraft:damage_taken":11573,"minecraft:damage_absorbed":281,"minecraft:swim_one_cm":2793,"minecraft:fly_one_cm":1038455,"minecraft:open_chest":278,"minecraft:fall_one_cm":77609},"minecraft:dropped":{"iceandfire:raw_silver":4,"minecraft:birch_planks":1,"minecraft:baked_potato":25,"minecraft:leather":5,"minecraft:mossy_stone_brick_stairs":2,"minecraft:jungle_planks":1,"minecraft:flint":8,"minecraft:dirt":94,"minecraft:cornflower":4,"gravestone:obituary":7,"minecraft:bone_meal":5,"minecraft:sand":1,"minecraft:birch_log":10,"minecraft:birch_stairs":4,"minecraft:bone":4,"minecraft:gravel":32,"minecraft:sugar_cane":6,"vanillaplustools:stone_shovel":1,"minecraft:birch_sapling":23,"minecraft:rotten_flesh":28,"minecraft:oak_planks":2,"minecraft:mossy_stone_brick_slab":1,"minecraft:azure_bluet":1,"minecraft:chainmail_chestplate":1,"minecraft:poppy":5,"graveyard:small_cyan_urn":1,"minecraft:gunpowder":14,"minecraft:arrow":5,"minecraft:stone_brick_stairs":3,"minecraft:oak_slab":6,"minecraft:wheat_seeds":231,"minecraft:diamond_leggings":1,"minecraft:iron_helmet":1,"minecraft:cobblestone":4,"minecraft:coal":1,"minecraft:golden_apple":7,"minecraft:stick":50,"minecraft:oxeye_daisy":3,"minecraft:golden_carrot":9,"minecraft:melon_slice":6,"minecraft:iron_leggings":2,"easy_emerald:amethyst_juju":1,"minecraft:string":18,"minecraft:dandelion":32,"minecraft:stone_brick_slab":1,"easy_emerald:emerald_sword":1,"minecraft:moss_carpet":2,"minecraft:raw_copper":64,"minecraft:bowl":1,"thalassophobia:fish_scale":9,"minecraft:iron_boots":1,"thalassophobia:raw_crab":1,"minecraft:peony":10,"minecraft:iron_chestplate":3,"minecraft:andesite":63,"minecraft:mossy_stone_bricks":3,"thalassophobia:tooth":7,"minecraft:oak_sapling":180,"easy_emerald:obsidian_bow":1,"minecraft:stone_bricks":3,"minecraft:barrel":1,"minecraft:spider_eye":3,"minecraft:bow":1,"minecraft:stone_pickaxe":1,"minecraft:red_tulip":2},"minecraft:mined":{"minecraft:spruce_planks":20,"minecraft:white_bed":4,"connectedglass:borderless_glass":1,"minecraft:mossy_stone_brick_slab":1,"minecraft:cobblestone_stairs":127,"minecraft:sculk_vein":5,"minecraft:grass_block":6454,"minecraft:coal_block":12,"minecraft:spawner":14,"minecraft:mossy_cobblestone_stairs":3,"minecraft:barrel":5,"minecraft:pumpkin":5,"minecraft:azure_bluet":1,"minecraft:nether_brick_stairs":8,"minecraft:dark_oak_stairs":1,"iceandfire:gold_pile":92,"minecraft:dirt_path":3,"minecraft:azalea_leaves":1,"minecraft:torch":8,"minecraft:melon":18,"minecraft:chest":6,"minecraft:glass":3,"minecraft:cobblestone":308,"minecraft:oak_planks":198,"minecraft:wall_torch":18,"graveyard:oak_coffin":1,"minecraft:birch_log":232,"minecraft:stone_brick_stairs":3,"minecraft:grass":139,"minecraft:oak_log":536,"minecraft:sand":106,"minecraft:dirt":12855,"graveyard:small_cyan_urn":1,"minecraft:oak_leaves":31,"minecraft:oak_door":1,"gravestone:gravestone":12,"minecraft:nether_bricks":1,"minecraft:jungle_planks":2,"minecraft:moss_block":4,"minecraft:large_fern":1,"minecraft:hay_block":18,"minecraft:oak_trapdoor":1,"minecraft:furnace":2,"graveyard:tg_moss_block":4,"minecraft:peony":7,"minecraft:mossy_stone_brick_stairs":3,"minecraft:potatoes":10,"minecraft:vine":21,"minecraft:stone":219,"minecraft:smithing_table":1,"minecraft:birch_stairs":43,"minecraft:redstone_block":4,"minecraft:stone_brick_slab":1,"minecraft:dandelion":1,"minecraft:crafting_table":2,"graveyard:tg_grass_block":3,"minecraft:tall_grass":38,"minecraft:copper_ore":8,"minecraft:sculk":4,"minecraft:birch_planks":38,"minecraft:coarse_dirt":68,"minecraft:coal_ore":51,"minecraft:gravel":65,"minecraft:cobweb":1,"minecraft:acacia_planks":1,"minecraft:stripped_acacia_wood":10,"minecraft:stone_bricks":2,"minecraft:mossy_stone_bricks":2,"minecraft:fern":6}},"DataVersion":3465}