{"stats":{"minecraft:picked_up":{"minecraft:birch_log":16,"minecraft:splash_potion":2,"minecraft:golden_carrot":10,"minecraft:rabbit_stew":1,"minecraft:potion":1,"minecraft:flint":6,"minecraft:stone_brick_stairs":3,"minecraft:oak_log":214,"gravestone:obituary":2,"minecraft:gunpowder":24,"minecraft:cornflower":4,"minecraft:string":11,"minecraft:dirt":6830,"minecraft:raw_copper":34,"minecraft:bone":7,"minecraft:apple":10,"minecraft:stone_bricks":3,"minecraft:wheat_seeds":106,"minecraft:mossy_stone_bricks":3,"minecraft:poppy":1,"minecraft:melon_slice":64,"minecraft:sugar_cane":6,"minecraft:chest":3,"minecraft:birch_sapling":1,"minecraft:iron_sword":1,"minecraft:mossy_stone_brick_stairs":2,"minecraft:furnace":2,"minecraft:stick":80,"minecraft:pumpkin":5,"minecraft:sweet_berries":20,"minecraft:stone_brick_slab":1,"minecraft:torch":11,"minecraft:bowl":2,"minecraft:dandelion":18,"minecraft:gravel":12,"minecraft:porkchop":6,"minecraft:amethyst_shard":2,"graveyard:small_cyan_urn":1,"minecraft:white_bed":4,"minecraft:spectral_arrow":6,"minecraft:mossy_stone_brick_slab":1,"graveyard:oak_coffin":1,"minecraft:arrow":16,"minecraft:stone_shovel":9,"minecraft:rotten_flesh":7,"minecraft:diamond":1,"thalassophobia:raw_crab":1,"minecraft:hay_block":17,"minecraft:red_tulip":2,"minecraft:bread":52,"minecraft:emerald":9,"minecraft:oak_sapling":80,"iceandfire:raw_silver":4,"minecraft:coal":18,"minecraft:white_wool":4,"minecraft:cobblestone":99},"minecraft:crafted":{"minecraft:oak_planks":132,"minecraft:stone_shovel":117,"minecraft:crafting_table":1,"minecraft:wooden_pickaxe":1,"minecraft:furnace":2,"minecraft:birch_planks":64,"minecraft:bread":51,"easy_emerald:amethyst_juju":1,"easy_emerald:amethyst_sword":1,"minecraft:diamond_pickaxe":1,"minecraft:stick":248,"minecraft:stone_pickaxe":1,"minecraft:chest":8,"vanillaplustools:stone_shovel":12,"minecraft:torch":36,"minecraft:wheat":153},"minecraft:mined":{"minecraft:white_bed":3,"minecraft:mossy_stone_brick_slab":1,"minecraft:stone_brick_slab":1,"minecraft:torch":5,"gravestone:gravestone":2,"minecraft:grass_block":2450,"minecraft:melon":6,"minecraft:chest":3,"minecraft:copper_ore":8,"minecraft:tall_grass":31,"minecraft:cobblestone":15,"graveyard:tg_grass_block":3,"minecraft:moss_block":4,"minecraft:wall_torch":6,"minecraft:hay_block":18,"graveyard:oak_coffin":1,"graveyard:tg_moss_block":4,"minecraft:furnace":2,"minecraft:birch_log":23,"minecraft:pumpkin":5,"minecraft:stone_brick_stairs":3,"minecraft:grass":61,"minecraft:mossy_stone_brick_stairs":2,"minecraft:coal_ore":18,"minecraft:oak_log":164,"minecraft:dirt_path":3,"minecraft:gravel":11,"minecraft:dirt":5085,"minecraft:cobweb":1,"minecraft:azalea_leaves":1,"graveyard:small_cyan_urn":1,"minecraft:stone":91,"minecraft:stone_bricks":2,"minecraft:mossy_stone_bricks":2,"minecraft:fern":1,"minecraft:oak_leaves":5},"minecraft:used":{"minecraft:stone_pickaxe":138,"minecraft:wooden_pickaxe":9,"minecraft:chest":11,"minecraft:shield":30,"easy_emerald:amethyst_sword":34,"minecraft:torch":21,"minecraft:dirt":1033,"minecraft:crafting_table":2,"vanillaplustools:stone_shovel":1267,"minecraft:white_bed":5,"minecraft:bread":3,"minecraft:melon_slice":50,"minecraft:iron_axe":226,"minecraft:birch_sapling":1,"minecraft:rabbit_stew":1,"minecraft:cooked_porkchop":1,"minecraft:furnace":4,"minecraft:oak_sapling":7},"minecraft:broken":{"vanillaplustools:stone_shovel":8},"minecraft:custom":{"minecraft:interact_with_furnace":2,"minecraft:mob_kills":11,"minecraft:interact_with_crafting_table":22,"minecraft:leave_game":7,"minecraft:time_since_death":82998,"minecraft:sleep_in_bed":9,"minecraft:climb_one_cm":194,"minecraft:time_since_rest":10491,"minecraft:sprint_one_cm":213150,"minecraft:damage_taken":1063,"minecraft:walk_one_cm":432646,"minecraft:damage_blocked_by_shield":1320,"minecraft:drop":46,"minecraft:damage_dealt":2103,"minecraft:fly_one_cm":183925,"minecraft:crouch_one_cm":782,"minecraft:open_chest":35,"minecraft:play_time":101996,"minecraft:sneak_time":358,"minecraft:deaths":1,"minecraft:walk_under_water_one_cm":981,"minecraft:jump":1014,"minecraft:walk_on_water_one_cm":3197,"minecraft:total_world_time":101996,"minecraft:fall_one_cm":15677},"minecraft:killed_by":{"minecraft:creeper":1},"minecraft:killed":{"thalassophobia:crab":1,"minecraft:spider":2,"minecraft:skeleton":4,"minecraft:zombie":4},"minecraft:dropped":{"minecraft:gravel":9,"iceandfire:raw_silver":4,"minecraft:sugar_cane":6,"minecraft:wheat_seeds":68,"minecraft:bowl":1,"minecraft:raw_copper":15,"minecraft:rotten_flesh":7,"minecraft:mossy_stone_brick_slab":1,"minecraft:mossy_stone_brick_stairs":2,"thalassophobia:raw_crab":1,"minecraft:coal":1,"minecraft:flint":6,"minecraft:stick":43,"minecraft:poppy":1,"graveyard:small_cyan_urn":1,"minecraft:gunpowder":12,"minecraft:cornflower":4,"minecraft:mossy_stone_bricks":3,"minecraft:oak_sapling":70,"gravestone:obituary":1,"easy_emerald:amethyst_juju":1,"minecraft:arrow":3,"minecraft:red_tulip":2,"minecraft:string":11,"minecraft:stone_brick_stairs":3,"minecraft:dandelion":15,"minecraft:stone_brick_slab":1}},"DataVersion":3465}