{"stats":{"minecraft:picked_up":{"minecraft:birch_log":16,"minecraft:splash_potion":2,"minecraft:golden_carrot":10,"minecraft:rabbit_stew":1,"minecraft:potion":1,"minecraft:stone_brick_stairs":3,"minecraft:oak_log":160,"gravestone:obituary":2,"minecraft:gunpowder":24,"minecraft:cornflower":4,"minecraft:string":5,"minecraft:dirt":4428,"minecraft:raw_copper":34,"minecraft:bone":7,"minecraft:apple":10,"minecraft:stone_bricks":3,"minecraft:wheat_seeds":83,"minecraft:mossy_stone_bricks":3,"minecraft:poppy":1,"minecraft:melon_slice":64,"minecraft:sugar_cane":6,"minecraft:chest":3,"minecraft:birch_sapling":1,"minecraft:iron_sword":1,"minecraft:mossy_stone_brick_stairs":2,"minecraft:furnace":2,"minecraft:stick":27,"minecraft:pumpkin":5,"minecraft:sweet_berries":20,"minecraft:stone_brick_slab":1,"minecraft:torch":11,"minecraft:bowl":2,"minecraft:dandelion":6,"minecraft:gravel":1,"minecraft:porkchop":6,"minecraft:amethyst_shard":2,"graveyard:small_cyan_urn":1,"minecraft:white_bed":4,"minecraft:spectral_arrow":6,"minecraft:mossy_stone_brick_slab":1,"graveyard:oak_coffin":1,"minecraft:arrow":13,"minecraft:stone_shovel":9,"minecraft:rotten_flesh":3,"minecraft:diamond":1,"thalassophobia:raw_crab":1,"minecraft:hay_block":17,"minecraft:red_tulip":2,"minecraft:bread":52,"minecraft:emerald":9,"minecraft:oak_sapling":41,"minecraft:coal":17,"minecraft:white_wool":4,"minecraft:cobblestone":90},"minecraft:crafted":{"minecraft:oak_planks":96,"minecraft:stone_shovel":76,"minecraft:crafting_table":1,"minecraft:wooden_pickaxe":1,"minecraft:furnace":2,"minecraft:birch_planks":64,"minecraft:bread":51,"easy_emerald:amethyst_juju":1,"easy_emerald:amethyst_sword":1,"minecraft:diamond_pickaxe":1,"minecraft:stick":176,"minecraft:stone_pickaxe":1,"minecraft:chest":8,"vanillaplustools:stone_shovel":8,"minecraft:torch":36,"minecraft:wheat":153},"minecraft:mined":{"minecraft:white_bed":3,"minecraft:mossy_stone_brick_slab":1,"minecraft:stone_brick_slab":1,"minecraft:torch":5,"gravestone:gravestone":2,"minecraft:grass_block":1515,"minecraft:melon":6,"minecraft:chest":3,"minecraft:copper_ore":8,"minecraft:tall_grass":31,"minecraft:cobblestone":15,"graveyard:tg_grass_block":3,"minecraft:moss_block":4,"minecraft:wall_torch":6,"minecraft:hay_block":18,"graveyard:oak_coffin":1,"graveyard:tg_moss_block":4,"minecraft:furnace":2,"minecraft:birch_log":16,"minecraft:pumpkin":5,"minecraft:stone_brick_stairs":3,"minecraft:grass":50,"minecraft:mossy_stone_brick_stairs":2,"minecraft:dirt_path":3,"minecraft:coal_ore":17,"minecraft:oak_log":97,"minecraft:gravel":1,"minecraft:dirt":3151,"minecraft:cobweb":1,"minecraft:azalea_leaves":1,"graveyard:small_cyan_urn":1,"minecraft:stone":76,"minecraft:stone_bricks":2,"minecraft:mossy_stone_bricks":2,"minecraft:oak_leaves":5},"minecraft:used":{"minecraft:stone_pickaxe":122,"minecraft:wooden_pickaxe":9,"minecraft:chest":11,"minecraft:shield":6,"easy_emerald:amethyst_sword":13,"minecraft:torch":21,"minecraft:dirt":864,"minecraft:crafting_table":2,"vanillaplustools:stone_shovel":777,"minecraft:white_bed":5,"minecraft:bread":3,"minecraft:melon_slice":39,"minecraft:iron_axe":145,"minecraft:birch_sapling":1,"minecraft:furnace":4,"minecraft:oak_sapling":7},"minecraft:broken":{"vanillaplustools:stone_shovel":5},"minecraft:custom":{"minecraft:interact_with_furnace":2,"minecraft:mob_kills":6,"minecraft:interact_with_crafting_table":20,"minecraft:leave_game":7,"minecraft:time_since_death":62282,"minecraft:sleep_in_bed":8,"minecraft:climb_one_cm":194,"minecraft:time_since_rest":2271,"minecraft:sprint_one_cm":161117,"minecraft:damage_taken":868,"minecraft:walk_one_cm":336626,"minecraft:damage_blocked_by_shield":375,"minecraft:drop":26,"minecraft:damage_dealt":791,"minecraft:fly_one_cm":144643,"minecraft:crouch_one_cm":782,"minecraft:open_chest":25,"minecraft:play_time":81280,"minecraft:deaths":1,"minecraft:sneak_time":358,"minecraft:walk_under_water_one_cm":981,"minecraft:jump":838,"minecraft:walk_on_water_one_cm":3197,"minecraft:total_world_time":81280,"minecraft:fall_one_cm":14655},"minecraft:killed_by":{"minecraft:creeper":1},"minecraft:killed":{"thalassophobia:crab":1,"minecraft:skeleton":3,"minecraft:zombie":2},"minecraft:dropped":{"minecraft:sugar_cane":6,"minecraft:wheat_seeds":47,"minecraft:raw_copper":15,"minecraft:rotten_flesh":3,"minecraft:mossy_stone_brick_slab":1,"minecraft:mossy_stone_brick_stairs":2,"thalassophobia:raw_crab":1,"minecraft:poppy":1,"graveyard:small_cyan_urn":1,"minecraft:gunpowder":12,"minecraft:cornflower":4,"minecraft:mossy_stone_bricks":3,"minecraft:oak_sapling":32,"gravestone:obituary":1,"easy_emerald:amethyst_juju":1,"minecraft:red_tulip":2,"minecraft:string":5,"minecraft:stone_brick_stairs":3,"minecraft:dandelion":3,"minecraft:stone_brick_slab":1}},"DataVersion":3465}