{"stats":{"minecraft:dropped":{"magistuarmory:barbedclub":1,"iceandfire:raw_silver":4,"minecraft:porkchop":1,"minecraft:birch_planks":1,"minecraft:oak_log":15,"minecraft:baked_potato":25,"minecraft:leather":5,"minecraft:jungle_planks":1,"minecraft:mossy_stone_brick_stairs":2,"travelersbackpack:standard":1,"minecraft:flint":8,"minecraft:dirt":99,"minecraft:cornflower":4,"gravestone:obituary":22,"minecraft:bone_meal":9,"minecraft:axolotl_bucket":1,"minecraft:sand":1,"minecraft:birch_log":10,"minecraft:birch_stairs":4,"sons_of_sins:flesh_of_demise":2,"minecraft:bone":4,"minecraft:gravel":32,"minecraft:sugar_cane":6,"vanillaplustools:stone_shovel":1,"minecraft:polished_andesite_slab":2,"minecraft:birch_sapling":23,"minecraft:rotten_flesh":39,"minecraft:oak_planks":5,"minecraft:mossy_stone_brick_slab":1,"minecraft:azure_bluet":1,"minecraft:chainmail_chestplate":1,"minecraft:poppy":6,"graveyard:small_cyan_urn":1,"minecraft:gunpowder":14,"minecraft:beetroot_seeds":4,"minecraft:arrow":5,"netherexp:cooked_hogham":1,"minecraft:stone_brick_stairs":3,"minecraft:egg":1,"minecraft:oak_slab":6,"minecraft:wheat_seeds":237,"minecraft:tnt":3,"iceandfire:myrmex_jungle_egg":1,"minecraft:diamond_leggings":1,"minecraft:iron_helmet":1,"minecraft:cobblestone":4,"minecraft:coal":1,"minecraft:golden_apple":7,"minecraft:stick":50,"minecraft:oxeye_daisy":3,"minecraft:golden_carrot":9,"cavesanddepths:lush_fruit":2,"iceandfire:myrmex_jungle_biolight":6,"minecraft:melon_slice":6,"minecraft:iron_leggings":2,"easy_emerald:amethyst_juju":1,"cavesanddepths:tallmossybush":1,"minecraft:string":29,"minecraft:dandelion":32,"minecraft:stone_brick_slab":1,"easy_emerald:emerald_sword":1,"minecraft:moss_carpet":4,"thalassophobia:raw_fish_meat":6,"minecraft:raw_copper":64,"minecraft:bowl":6,"thalassophobia:fish_scale":14,"cavesanddepths:azalea_flower":1,"minecraft:clay_ball":6,"minecraft:iron_boots":1,"magistuarmory:rusted_heavymace":1,"thalassophobia:raw_crab":1,"minecraft:diamond_sword":1,"iceandfire:troll_weapon_hammer":1,"minecraft:shield":1,"minecraft:peony":10,"minecraft:iron_chestplate":3,"minecraft:andesite":63,"minecraft:mossy_stone_bricks":3,"thalassophobia:tooth":16,"minecraft:oak_sapling":180,"easy_emerald:obsidian_bow":2,"minecraft:spider_eye":4,"minecraft:stone_bricks":3,"minecraft:barrel":1,"minecraft:bow":1,"minecraft:stone_pickaxe":1,"minecraft:red_tulip":2},"minecraft:picked_up":{"minecraft:iron_chestplate":2,"minecraft:wheat":8,"minecraft:redstone_block":4,"minecraft:chainmail_boots":1,"iceandfire:troll_weapon_hammer":1,"minecraft:nether_brick_fence":7,"minecraft:suspicious_stew":1,"minecraft:lead":4,"minecraft:smithing_table":1,"minecraft:diamond_sword":2,"minecraft:oak_stairs":3,"netherexp:hogham":52,"minecraft:potion":2,"iceandfire:myrmex_jungle_chitin":15,"easy_emerald:ruby_juju":1,"minecraft:stone_brick_stairs":3,"thalassophobia:tooth":17,"minecraft:string":47,"minecraft:raw_copper":34,"minecraft:iron_leggings":2,"minecraft:beetroot":4,"minecraft:diamond_leggings":2,"minecraft:gold_nugget":948,"minecraft:bucket":1,"minecraft:spruce_planks":36,"easy_emerald:amethyst_juju":1,"minecraft:iron_pickaxe":3,"minecraft:melon_slice":168,"minecraft:coal_block":10,"minecraft:iron_boots":1,"minecraft:furnace":2,"minecraft:tipped_arrow":7,"minecraft:golden_helmet":1,"iceandfire:pixie_dust":1,"minecraft:stick":204,"minecraft:torch":45,"magistuarmory:rusted_heavymace":1,"minecraft:porkchop":17,"minecraft:golden_chestplate":2,"netherexp:cooked_hogham":14,"minecraft:rotten_flesh":87,"thalassophobia:raw_crab":1,"iceandfire:fire_dragon_heart":1,"minecraft:red_tulip":2,"minecraft:green_wool":3,"minecraft:iron_bars":10,"minecraft:cobblestone":4011,"minecraft:birch_log":215,"minecraft:feather":1,"minecraft:iron_door":1,"minecraft:birch_slab":2,"easy_emerald:amethyst_sword":1,"minecraft:golden_leggings":1,"easy_emerald:obsidian_body":1,"minecraft:potato":30,"minecraft:flint":13,"minecraft:wither_skeleton_skull":3,"minecraft:dirt":15764,"minecraft:lantern":2,"faded_conquest_2:keyof_pestilence":1,"minecraft:bone":62,"minecraft:chipped_anvil":1,"minecraft:acacia_planks":1,"iceandfire:myrmex_jungle_resin":12,"minecraft:bow":4,"minecraft:wheat_seeds":272,"minecraft:birch_wood":1,"easy_emerald:obsidian_bow":1,"minecraft:mossy_stone_bricks":3,"minecraft:oak_planks":218,"minecraft:mossy_stone_brick_stairs":3,"iceandfire:amphithere_feather":4,"minecraft:axolotl_bucket":1,"minecraft:stripped_acacia_wood":5,"iceandfire:dragon_skull_fire":1,"minecraft:sand":111,"minecraft:jungle_planks":3,"minecraft:nether_brick_stairs":6,"minecraft:spectral_arrow":14,"iceandfire:myrmex_stinger":1,"minecraft:barrel":5,"sons_of_sins:flesh_of_demise":3,"travelersbackpack:white_sleeping_bag":2,"graveyard:oak_coffin":2,"minecraft:diamond":1,"cavesanddepths:tallmossybush":1,"minecraft:bone_meal":8,"minecraft:golden_apple":3,"minecraft:chainmail_helmet":1,"iceandfire:myrmex_jungle_biolight":7,"minecraft:emerald":9,"minecraft:bread":52,"iceandfire:troll_leather_forest":6,"minecraft:oak_sapling":261,"minecraft:netherrack":2,"minecraft:andesite_slab":3,"iceandfire:raw_silver":5,"minecraft:diamond_pickaxe":1,"iceandfire:dragon_skull_lightning":1,"minecraft:coarse_dirt":69,"minecraft:crafting_table":3,"magistuarmory:barbedclub":1,"minecraft:chicken":5,"minecraft:azure_bluet":1,"minecraft:splash_potion":5,"iceandfire:witherbone":18,"minecraft:clay_ball":6,"minecraft:rabbit_stew":1,"minecraft:golden_pickaxe":1,"minecraft:leather_leggings":2,"gravestone:obituary":21,"minecraft:shield":3,"minecraft:cornflower":4,"minecraft:oak_trapdoor":1,"minecraft:moss_carpet":5,"minecraft:iron_shovel":2,"iceandfire:ghost_ingot":1,"graveyard:corruption":1,"minecraft:beef":8,"minecraft:oak_boat":7,"deep_dark_regrowth:sculk_soil":1,"minecraft:iron_nugget":12,"minecraft:poppy":8,"minecraft:sugar_cane":6,"minecraft:chest":8,"minecraft:birch_sapling":43,"minecraft:spruce_trapdoor":1,"minecraft:egg":3,"thalassophobia:raw_fish_meat":10,"iceandfire:dragonbone":13,"iceandfire:dragonscales_gray":24,"minecraft:oak_door":1,"minecraft:bowl":5,"graveyard:small_cyan_urn":1,"minecraft:carrot":1,"minecraft:tnt":3,"minecraft:arrow":48,"minecraft:stone_shovel":10,"minecraft:beetroot_seeds":17,"minecraft:peony":10,"minecraft:nether_bricks":5,"minecraft:shears":1,"minecraft:hay_block":17,"thalassophobia:fish_scale":9,"minecraft:gold_ingot":2,"cavesanddepths:lush_fruit":2,"minecraft:mutton":3,"minecraft:bone_block":4,"minecraft:skeleton_skull":1,"minecraft:white_wool":17,"minecraft:oxeye_daisy":3,"magistuarmory:rustedhalfarmor_chestplate":1,"minecraft:golden_carrot":17,"minecraft:leather":32,"minecraft:birch_planks":48,"minecraft:packed_mud":1,"minecraft:oak_log":578,"minecraft:chainmail_chestplate":1,"iceandfire:ectoplasm":1,"minecraft:golden_boots":3,"minecraft:gunpowder":42,"minecraft:cobblestone_stairs":125,"iceandfire:myrmex_resin_jungle":1,"minecraft:cooked_mutton":1,"minecraft:apple":31,"minecraft:stone_bricks":8,"minecraft:iron_ingot":2,"minecraft:stone_pickaxe":1,"minecraft:cooked_chicken":2,"cavesanddepths:azalea_flower":1,"minecraft:polished_andesite_slab":4,"minecraft:iron_sword":4,"minecraft:dark_oak_stairs":2,"minecraft:book":9,"minecraft:black_candle":4,"minecraft:pumpkin":5,"minecraft:sweet_berries":20,"minecraft:stone_brick_slab":3,"minecraft:dandelion":35,"minecraft:gravel":58,"minecraft:birch_stairs":43,"minecraft:amethyst_shard":4,"minecraft:white_bed":5,"minecraft:mossy_stone_brick_slab":1,"minecraft:spider_eye":5,"thalassophobia:panderodus_eye":1,"minecraft:oak_wood":1,"magistuarmory:rustedcrusader_boots":1,"minecraft:stone_axe":1,"minecraft:chainmail_leggings":2,"minecraft:iron_helmet":2,"iceandfire:myrmex_jungle_egg":8,"minecraft:diamond_axe":1,"minecraft:painting":2,"minecraft:mossy_cobblestone_stairs":2,"minecraft:baked_potato":3,"minecraft:black_wool":1,"minecraft:coal":57},"minecraft:broken":{"minecraft:stone_pickaxe":3,"minecraft:stone_axe":2,"easy_emerald:obsidian_body":1,"minecraft:iron_sword":1,"minecraft:stone_shovel":2,"minecraft:shield":2,"minecraft:iron_axe":3,"minecraft:iron_helmet":1,"vanillaplustools:stone_shovel":24},"minecraft:killed_by":{"minecraft:wither_skeleton":3,"minecraft:creeper":6,"graveyard:skeleton_creeper":1,"iceandfire:myrmex_queen":1,"iceandfire:fire_dragon":12,"minecraft:player":4,"thalassophobia:megapiranha":3,"minecraft:hoglin":4,"minecraft:skeleton":2,"faded_conquest_2:the_plauge_bringer":1},"minecraft:killed":{"minecraft:cave_spider":2,"minecraft:spider":22,"minecraft:skeleton":21,"minecraft:chicken":5,"iceandfire:myrmex_royal":1,"faded_conquest_2:mimic":3,"minecraft:piglin_brute":1,"iceandfire:myrmex_worker":6,"minecraft:piglin":2,"minecraft:pig":6,"minecraft:creeper":7,"minecraft:sheep":2,"minecraft:trader_llama":4,"minecraft:pillager":3,"minecraft:zombie":84,"iceandfire:myrmex_queen":1,"minecraft:stray":5,"faded_conquest_2:pbdowned":1,"minecraft:cow":5,"graveyard:nightmare":1,"thalassophobia:megapiranha":5,"faded_conquest_2:the_plauge_bringerp_2":1,"unusualfishmod:ripper":2,"iceandfire:myrmex_sentinel":1,"thalassophobia:panderodus":1,"thalassophobia:crab":1,"faded_conquest_2:the_plauge_bringer":1,"graveyard:ghoul":1,"iceandfire:amphithere":1,"iceandfire:troll":1,"minecraft:wandering_trader":2,"minecraft:hoglin":13,"iceandfire:myrmex_soldier":4,"sons_of_sins:betrayed_guzzler":2,"iceandfire:ghost":6,"minecraft:wither_skeleton":20,"minecraft:enderman":1},"minecraft:mined":{"minecraft:large_amethyst_bud":3,"minecraft:spruce_planks":20,"minecraft:white_bed":4,"connectedglass:borderless_glass":1,"minecraft:mossy_stone_brick_slab":1,"minecraft:sculk_vein":5,"minecraft:cobblestone_stairs":127,"minecraft:grass_block":6539,"minecraft:coal_block":12,"minecraft:spawner":15,"minecraft:tall_seagrass":2,"betterarcheology:chiseled_bone_block":1,"minecraft:mossy_cobblestone_stairs":3,"minecraft:fire":1,"minecraft:barrel":5,"minecraft:pumpkin":5,"minecraft:nether_brick_stairs":8,"minecraft:azure_bluet":1,"minecraft:dark_oak_stairs":1,"minecraft:dirt_path":3,"iceandfire:gold_pile":92,"minecraft:iron_bars":4,"minecraft:azalea_leaves":1,"iceandfire:myrmex_resin_jungle":1,"minecraft:torch":8,"minecraft:poppy":1,"minecraft:melon":18,"minecraft:chest":6,"minecraft:glass":3,"minecraft:cobblestone":310,"minecraft:birch_wood":2,"minecraft:oak_planks":202,"minecraft:wall_torch":18,"minecraft:skeleton_skull":1,"graveyard:oak_coffin":1,"minecraft:birch_log":232,"minecraft:tnt":4,"minecraft:stone_brick_stairs":3,"minecraft:grass":148,"minecraft:oak_log":539,"minecraft:beetroots":1,"minecraft:sand":113,"minecraft:dirt":12862,"graveyard:small_cyan_urn":1,"minecraft:wither_skeleton_skull":3,"minecraft:oak_leaves":35,"minecraft:oak_door":1,"minecraft:nether_bricks":1,"gravestone:gravestone":29,"minecraft:jungle_planks":2,"minecraft:polished_andesite_slab":4,"minecraft:moss_block":7,"minecraft:rooted_dirt":5,"minecraft:large_fern":3,"minecraft:hay_block":18,"iceandfire:jungle_myrmex_cocoon":2,"minecraft:oak_trapdoor":1,"minecraft:packed_mud":1,"minecraft:furnace":2,"graveyard:tg_moss_block":4,"minecraft:chiseled_deepslate":1,"minecraft:peony":7,"minecraft:mossy_stone_brick_stairs":3,"minecraft:bookshelf":2,"minecraft:potatoes":10,"minecraft:vine":22,"minecraft:lantern":2,"minecraft:stone":260,"minecraft:green_wool":3,"minecraft:podzol":1,"minecraft:smithing_table":1,"minecraft:birch_stairs":43,"minecraft:redstone_block":4,"minecraft:stone_brick_slab":3,"minecraft:dandelion":1,"minecraft:crafting_table":3,"minecraft:oak_wood":1,"minecraft:andesite_slab":3,"minecraft:copper_ore":8,"minecraft:tall_grass":40,"graveyard:tg_grass_block":3,"minecraft:sculk":4,"minecraft:birch_planks":38,"minecraft:coarse_dirt":70,"betterarcheology:loot_vase_creeper":1,"iceandfire:myrmex_jungle_biolight":9,"minecraft:birch_leaves":3,"betterarcheology:loot_vase_green":2,"minecraft:coal_ore":52,"minecraft:gravel":65,"minecraft:cobweb":3,"minecraft:acacia_planks":1,"minecraft:stripped_acacia_wood":10,"minecraft:stone_bricks":4,"minecraft:mossy_stone_bricks":2,"minecraft:chipped_anvil":1,"minecraft:fern":7},"minecraft:custom":{"minecraft:interact_with_crafting_table":140,"minecraft:open_barrel":231,"minecraft:leave_game":13,"minecraft:time_since_death":15940,"minecraft:sprint_one_cm":1905826,"minecraft:damage_blocked_by_shield":5885,"minecraft:drop":226,"minecraft:talked_to_villager":3,"minecraft:play_time":833115,"minecraft:deaths":39,"minecraft:jump":9020,"minecraft:walk_on_water_one_cm":103100,"minecraft:interact_with_furnace":61,"minecraft:sleep_in_bed":46,"minecraft:damage_dealt":54951,"minecraft:player_kills":6,"minecraft:crouch_one_cm":109952,"minecraft:interact_with_smoker":19,"minecraft:interact_with_smithing_table":9,"minecraft:interact_with_anvil":5,"minecraft:mob_kills":255,"minecraft:climb_one_cm":13929,"minecraft:walk_one_cm":3213114,"minecraft:sneak_time":28562,"minecraft:walk_under_water_one_cm":107939,"minecraft:boat_one_cm":44840,"minecraft:interact_with_blast_furnace":8,"minecraft:total_world_time":833115,"spartanshields:shield_bash_hits":6,"minecraft:interact_with_stonecutter":2,"minecraft:time_since_rest":15997,"minecraft:damage_absorbed":401,"minecraft:damage_taken":20893,"minecraft:trigger_trapped_chest":3,"minecraft:swim_one_cm":29260,"minecraft:fly_one_cm":1731199,"minecraft:open_chest":404,"minecraft:fall_one_cm":128049},"minecraft:crafted":{"minecraft:oak_planks":1584,"minecraft:cooked_chicken":2,"minecraft:birch_slab":18,"minecraft:stone":42,"minecraft:cobblestone_stairs":1076,"thalassophobia:cooked_fish_meat":13,"magistuarmory:iron_shortsword":1,"easy_emerald:amethyst_juju":2,"connectedglass:borderless_glass":264,"minecraft:cooked_mutton":3,"minecraft:glass":272,"minecraft:bow":4,"easy_emerald:emerald_sword":1,"iceandfire:armor_gray_helmet":1,"minecraft:chest":22,"minecraft:iron_door":3,"vanillaplustools:stone_shovel":27,"minecraft:birch_button":2,"minecraft:oak_fence":57,"magistuarmory:steel_nugget":18,"iceandfire:armor_gray_boots":1,"minecraft:wooden_shovel":2,"minecraft:arrow":4,"minecraft:cooked_porkchop":2,"minecraft:crafting_table":5,"minecraft:wooden_pickaxe":1,"travelersbackpack:standard":2,"minecraft:baked_potato":97,"minecraft:birch_planks":592,"magistuarmory:iron_target":1,"iceandfire:armor_gray_chestplate":1,"easy_emerald:amethyst_sword":2,"minecraft:iron_chestplate":1,"minecraft:diamond_pickaxe":1,"minecraft:golden_leggings":1,"easy_emerald:obsidian_bow":5,"minecraft:stick":588,"minecraft:iron_ingot":8,"minecraft:iron_block":3,"minecraft:gold_ingot":119,"minecraft:birch_stairs":36,"magistuarmory:leather_strip":6,"minecraft:oak_door":3,"minecraft:stone_shovel":250,"iceandfire:armor_gray_leggings":1,"magistuarmory:iron_claymore":1,"minecraft:furnace":6,"minecraft:oak_trapdoor":4,"magistuarmory:hilt":1,"travelersbackpack:white_sleeping_bag":1,"minecraft:iron_axe":2,"magistuarmory:steel_ingot":15,"minecraft:stone_pickaxe":5,"minecraft:cobblestone_wall":12,"easy_emerald:bow_template":12,"magistuarmory:woolen_fabric":4,"minecraft:wheat":153,"minecraft:cooked_beef":9,"easy_emerald:ruby":1,"iceandfire:silver_ingot":1,"magistuarmory:barbedclub":1,"travelersbackpack:backpack_tank":4,"minecraft:bucket":1,"minecraft:stone_axe":4,"minecraft:bread":51,"minecraft:air":0,"minecraft:oak_boat":1,"minecraft:golden_apple":14,"minecraft:oak_stairs":28,"minecraft:anvil":1,"minecraft:torch":40,"minecraft:acacia_planks":20,"easy_emerald:ruby_juju":1},"minecraft:used":{"minecraft:beetroot":4,"minecraft:moss_carpet":2,"minecraft:poppy":2,"minecraft:chest":26,"minecraft:shield":93,"minecraft:iron_sword":14,"easy_emerald:amethyst_sword":492,"minecraft:glass":3,"minecraft:lantern":2,"minecraft:birch_sapling":6,"minecraft:packed_mud":1,"minecraft:stone_bricks":2,"minecraft:rabbit_stew":1,"minecraft:birch_button":2,"minecraft:golden_sword":9,"minecraft:bow":2,"minecraft:oak_sapling":55,"minecraft:furnace":8,"minecraft:skeleton_skull":2,"minecraft:egg":2,"minecraft:potato":14,"iceandfire:troll_weapon_hammer":1,"minecraft:wither_skeleton_skull":2,"minecraft:chorus_fruit":1,"minecraft:stone_pickaxe":577,"minecraft:oak_planks":1154,"minecraft:wooden_pickaxe":9,"minecraft:mossy_stone_brick_stairs":1,"minecraft:golden_apple":10,"minecraft:sand":1,"minecraft:melon_slice":102,"minecraft:birch_slab":18,"minecraft:bread":3,"minecraft:iron_door":2,"iceandfire:myrmex_resin_jungle":1,"minecraft:diamond_sword":452,"minecraft:smithing_table":1,"minecraft:oak_boat":7,"minecraft:birch_log":5,"minecraft:oak_fence":57,"minecraft:oak_trapdoor":4,"minecraft:iron_bars":5,"minecraft:stone_shovel":250,"minecraft:spruce_planks":20,"minecraft:wooden_shovel":1,"graveyard:oak_coffin":1,"minecraft:cooked_chicken":1,"minecraft:oak_door":3,"minecraft:torch":105,"minecraft:dirt":1830,"minecraft:anvil":1,"iceandfire:pixie_dust":1,"minecraft:cobblestone_wall":10,"minecraft:mossy_cobblestone_stairs":1,"minecraft:stone_brick_slab":2,"minecraft:iron_axe":798,"connectedglass:borderless_glass":261,"minecraft:barrel":4,"thalassophobia:cooked_fish_meat":23,"minecraft:golden_carrot":11,"minecraft:beef":2,"magistuarmory:iron_claymore":14,"minecraft:cooked_beef":7,"thalassophobia:raw_fish_meat":3,"minecraft:acacia_planks":5,"minecraft:cooked_mutton":3,"minecraft:water_bucket":2,"iceandfire:myrmex_jungle_biolight":1,"minecraft:cobblestone_stairs":1017,"minecraft:birch_planks":423,"minecraft:baked_potato":75,"magistuarmory:barbedclub":4,"magistuarmory:iron_target":22,"deep_dark_regrowth:sculk_soil":1,"minecraft:crafting_table":7,"vanillaplustools:stone_shovel":3398,"minecraft:white_bed":6,"minecraft:painting":2,"minecraft:oak_log":163,"minecraft:diamond_pickaxe":3,"minecraft:apple":4,"minecraft:iron_pickaxe":311,"netherexp:cooked_hogham":10,"minecraft:suspicious_stew":3,"minecraft:stone_axe":459,"iceandfire:myrmex_jungle_egg":6,"travelersbackpack:standard":1,"easy_emerald:obsidian_bow":147,"minecraft:cobblestone":1027,"minecraft:potion":5,"minecraft:porkchop":1,"minecraft:cooked_porkchop":8,"minecraft:bucket":9,"minecraft:splash_potion":3,"minecraft:birch_stairs":64}},"DataVersion":3465}