{"stats":{"minecraft:picked_up":{"minecraft:coarse_dirt":68,"minecraft:splash_potion":2,"minecraft:rabbit_stew":1,"minecraft:lead":2,"minecraft:potion":1,"minecraft:stone_brick_stairs":3,"gravestone:obituary":2,"minecraft:cornflower":4,"minecraft:string":11,"minecraft:raw_copper":34,"minecraft:poppy":3,"minecraft:melon_slice":64,"minecraft:sugar_cane":6,"minecraft:chest":4,"minecraft:birch_sapling":1,"minecraft:furnace":2,"minecraft:stick":99,"minecraft:bowl":2,"minecraft:torch":11,"minecraft:porkchop":7,"graveyard:small_cyan_urn":1,"minecraft:rotten_flesh":7,"minecraft:arrow":16,"minecraft:stone_shovel":9,"thalassophobia:raw_crab":1,"minecraft:hay_block":17,"minecraft:red_tulip":2,"minecraft:cobblestone":112,"minecraft:white_wool":4,"minecraft:birch_log":16,"minecraft:golden_carrot":10,"minecraft:leather":5,"minecraft:flint":9,"minecraft:oak_log":249,"minecraft:gunpowder":24,"minecraft:dirt":11523,"minecraft:bone":7,"minecraft:stone_bricks":3,"minecraft:apple":12,"minecraft:wheat_seeds":151,"minecraft:stone_pickaxe":1,"minecraft:mossy_stone_bricks":3,"minecraft:iron_sword":1,"minecraft:mossy_stone_brick_stairs":2,"minecraft:sweet_berries":20,"minecraft:pumpkin":5,"minecraft:stone_brick_slab":1,"minecraft:dandelion":25,"minecraft:gravel":27,"minecraft:amethyst_shard":2,"minecraft:white_bed":5,"minecraft:spectral_arrow":6,"minecraft:mossy_stone_brick_slab":1,"graveyard:oak_coffin":1,"minecraft:diamond":1,"minecraft:emerald":9,"minecraft:bread":52,"minecraft:oak_sapling":94,"minecraft:coal":18,"iceandfire:raw_silver":4},"minecraft:crafted":{"minecraft:oak_planks":620,"minecraft:stone_shovel":193,"minecraft:furnace":2,"easy_emerald:amethyst_juju":1,"minecraft:stone_pickaxe":1,"minecraft:chest":12,"vanillaplustools:stone_shovel":21,"minecraft:wheat":153,"minecraft:crafting_table":1,"minecraft:wooden_pickaxe":1,"minecraft:birch_planks":64,"minecraft:bread":51,"easy_emerald:amethyst_sword":1,"minecraft:diamond_pickaxe":1,"minecraft:stick":392,"minecraft:torch":36},"minecraft:mined":{"minecraft:white_bed":4,"minecraft:mossy_stone_brick_slab":1,"gravestone:gravestone":2,"minecraft:grass_block":3923,"minecraft:moss_block":4,"minecraft:hay_block":18,"minecraft:furnace":2,"graveyard:tg_moss_block":4,"minecraft:pumpkin":5,"minecraft:mossy_stone_brick_stairs":2,"minecraft:dirt_path":3,"minecraft:azalea_leaves":1,"minecraft:stone":91,"minecraft:stone_brick_slab":1,"minecraft:torch":5,"minecraft:melon":6,"minecraft:chest":4,"graveyard:tg_grass_block":3,"minecraft:tall_grass":32,"minecraft:copper_ore":8,"minecraft:cobblestone":15,"minecraft:wall_torch":6,"minecraft:coarse_dirt":68,"graveyard:oak_coffin":1,"minecraft:birch_log":23,"minecraft:stone_brick_stairs":3,"minecraft:grass":72,"minecraft:oak_log":203,"minecraft:coal_ore":18,"minecraft:gravel":23,"minecraft:dirt":9233,"minecraft:cobweb":1,"graveyard:small_cyan_urn":1,"minecraft:stone_bricks":2,"minecraft:mossy_stone_bricks":2,"minecraft:oak_leaves":5,"minecraft:fern":2},"minecraft:used":{"minecraft:chest":16,"minecraft:shield":31,"easy_emerald:amethyst_sword":60,"minecraft:torch":21,"minecraft:dirt":1291,"minecraft:iron_axe":267,"minecraft:birch_sapling":1,"minecraft:rabbit_stew":1,"minecraft:oak_sapling":7,"minecraft:furnace":4,"minecraft:stone_pickaxe":138,"minecraft:wooden_pickaxe":9,"minecraft:crafting_table":2,"vanillaplustools:stone_shovel":2252,"minecraft:white_bed":6,"minecraft:melon_slice":50,"minecraft:bread":3,"minecraft:porkchop":1,"minecraft:cooked_porkchop":4},"minecraft:broken":{"minecraft:iron_axe":1,"vanillaplustools:stone_shovel":16},"minecraft:custom":{"minecraft:mob_kills":18,"minecraft:interact_with_crafting_table":31,"minecraft:open_barrel":3,"minecraft:leave_game":7,"minecraft:time_since_death":118998,"minecraft:climb_one_cm":194,"minecraft:sprint_one_cm":281801,"minecraft:walk_one_cm":597210,"minecraft:damage_blocked_by_shield":1380,"minecraft:drop":66,"minecraft:talked_to_villager":1,"minecraft:play_time":137996,"minecraft:deaths":1,"minecraft:sneak_time":512,"minecraft:walk_under_water_one_cm":1631,"minecraft:jump":1359,"minecraft:walk_on_water_one_cm":4142,"minecraft:total_world_time":137996,"minecraft:interact_with_furnace":2,"minecraft:sleep_in_bed":12,"minecraft:time_since_rest":2757,"minecraft:damage_taken":1273,"minecraft:damage_dealt":4110,"minecraft:fly_one_cm":251383,"minecraft:open_chest":70,"minecraft:crouch_one_cm":1001,"minecraft:fall_one_cm":17409},"minecraft:killed_by":{"minecraft:creeper":1},"minecraft:killed":{"minecraft:spider":3,"minecraft:skeleton":4,"thalassophobia:crab":1,"minecraft:pig":1,"minecraft:wandering_trader":1,"minecraft:trader_llama":2,"minecraft:pillager":1,"minecraft:zombie":5},"minecraft:dropped":{"iceandfire:raw_silver":4,"minecraft:wheat_seeds":120,"minecraft:mossy_stone_brick_stairs":2,"minecraft:coal":1,"minecraft:stick":44,"minecraft:flint":8,"minecraft:cornflower":4,"gravestone:obituary":1,"easy_emerald:amethyst_juju":1,"minecraft:string":11,"minecraft:stone_brick_slab":1,"minecraft:dandelion":22,"minecraft:gravel":27,"minecraft:sugar_cane":6,"minecraft:raw_copper":15,"minecraft:bowl":1,"minecraft:rotten_flesh":7,"minecraft:oak_planks":1,"minecraft:mossy_stone_brick_slab":1,"thalassophobia:raw_crab":1,"minecraft:poppy":3,"graveyard:small_cyan_urn":1,"minecraft:gunpowder":12,"minecraft:mossy_stone_bricks":3,"minecraft:oak_sapling":85,"minecraft:arrow":3,"minecraft:stone_pickaxe":1,"minecraft:red_tulip":2,"minecraft:stone_brick_stairs":3}},"DataVersion":3465}